,point_id,lon,lat,target,geometry,index_right,NAME,bus_stop_300,location,railway,n_railway,n_mobile,n_electronics
0,ommNZCUV,37.590776,55.84863000000001,-0.34815737860381524,POINT (37.590776 55.84863000000001),41,Москва,6,,206.09,2.0,8.0,1.0
1,nMe2LHPb,37.784209999999995,55.750271,1.294206304946465,POINT (37.78420999999999 55.750271),41,Москва,9,,212.708,1.0,8.0,1.0
3,0t2jNYdz,37.704570000000004,55.782019999999996,-1.1693392203789554,POINT (37.70457 55.78202),41,Москва,7,,140.29000000000002,2.0,11.0,7.0
4,U27W4QJ7,37.643983,55.730188,-0.08883679699061309,POINT (37.643983 55.730188),41,Москва,5,,335.01099999999997,3.0,12.0,1.0
7,CO76tdVs,37.444303999999995,55.850511,0.21370388155812275,POINT (37.444304 55.850511),41,Москва,6,,266.035,1.0,8.0,4.0
11,XPqFCntc,37.437191,55.664705000000005,-0.5642578632814836,POINT (37.437191 55.664705),41,Москва,5,,1079.2279999999998,1.0,6.0,2.0
14,Nj7qV6KG,37.799786,55.793427,0.4730244631713249,POINT (37.799786 55.793427),41,Москва,12,,176.18900000000002,1.0,8.0,0.0
15,E2fZAexI,37.40478,55.81024,-0.5642578632814836,POINT (37.40478 55.81024),41,Москва,3,,970.333,1.0,4.0,2.0
19,e5ZywFU6,37.730449,55.706607999999996,0.3865842693002575,POINT (37.730449 55.706608),41,Москва,9,,350.0919999999999,1.0,12.0,1.0
21,wXDJYllD,37.597414,55.850995,0.6459048509134596,POINT (37.597414 55.850995),41,Москва,3,,658.4730000000001,2.0,7.0,1.0
27,tFr5ROxI,37.825155,55.724123999999996,-0.4345975724748826,POINT (37.825155 55.724124),41,Москва,8,,1624.9610000000002,1.0,7.0,3.0
28,kg8oDow1,37.628508000000004,55.759601,-1.2557794142500227,POINT (37.628508 55.759601),41,Москва,11,,72.15400000000001,10.0,15.0,11.0
29,0eSE1PRt,37.491046000000004,55.683744,-0.30493728166828155,POINT (37.491046 55.683744),41,Москва,1,,836.804,2.0,2.0,0.0
30,dFRJyrdz,37.595278,55.58303299999999,-0.045616700055079396,POINT (37.595278 55.58303299999999),41,Москва,5,,104.23400000000001,1.0,8.0,0.0
31,IVSpPooR,37.538765000000005,55.908623,-1.0396789295723543,POINT (37.53876500000001 55.908623),41,Москва,6,,587.58,1.0,0.0,7.0
32,ePTGtnXP,37.535637,55.691697999999995,-0.34815737860381524,POINT (37.535637 55.691698),41,Москва,9,,179.985,1.0,4.0,0.0
33,XTKhDNze,37.659739,55.845203000000005,-1.1045090749756548,POINT (37.659739 55.84520300000001),41,Москва,2,,1232.38,1.0,1.0,8.0
34,saJNxolJ,37.40677,55.75784,-1.1693392203789554,POINT (37.40677 55.75784),41,Москва,6,,184.001,1.0,3.0,2.0
35,kXV2cKsB,37.660087,55.843941,-0.4778176694104163,POINT (37.660087 55.843941),41,Москва,0,,1039.5529999999999,1.0,1.0,8.0
36,Ge3rjnNS,37.436246999999995,55.826377,0.3865842693002575,POINT (37.43624699999999 55.826377),41,Москва,27,,70.703,3.0,10.0,1.0
37,Uep82ylV,37.637687,55.80745600000001,0.5162445601068586,POINT (37.637687 55.80745600000001),41,Москва,8,,254.43599999999998,2.0,2.0,5.0
38,eqECPIIT,37.7381,55.815425,-0.30493728166828155,POINT (37.7381 55.815425),41,Москва,4,,277.381,2.0,3.0,2.0
39,jc6nGwVC,37.603394,55.609839,0.6459048509134596,POINT (37.603394 55.609839),41,Москва,10,,397.61499999999995,1.0,10.0,6.0
41,FghElX6D,37.438987,55.849423,1.5535268865596672,POINT (37.438987 55.849423),41,Москва,7,,296.88,1.0,8.0,4.0
48,Etvm4Few,37.634434000000006,55.82400500000001,-0.045616700055079396,POINT (37.63443400000001 55.82400500000001),41,Москва,11,,289.244,4.0,4.0,0.0
51,lwTDMNbZ,37.765758,55.704133999999996,0.6459048509134596,POINT (37.765758 55.704134),41,Москва,11,,284.51,1.0,6.0,2.0
52,jskwtTpg,37.62166,55.681346,-0.6939181540880848,POINT (37.62166 55.681346),41,Москва,7,,176.413,1.0,4.0,2.0
54,c5wVfiUF,37.679968,55.77293,1.8128474681728692,POINT (37.679968 55.77293),41,Москва,9,,285.251,2.0,4.0,4.0
55,yyX5XM5Y,37.728164,55.691734,-0.34815737860381524,POINT (37.728164 55.691734),41,Москва,9,,378.817,1.0,3.0,0.0
56,ZfbQN6SL,37.646375,55.653255,-0.002396603119545705,POINT (37.646375 55.653255),41,Москва,10,,243.488,1.0,4.0,2.0
60,8NvqE4CJ,37.486227,55.839988,0.4730244631713249,POINT (37.486227 55.839988),41,Москва,9,,163.461,1.0,7.0,3.0
72,lkWtEXwO,37.493066,55.839565,1.0781058202687965,POINT (37.493066 55.839565),41,Москва,1,,408.775,1.0,7.0,3.0
73,zT71jR4g,37.599148,55.583953,1.3806464988175324,POINT (37.599148 55.583953),41,Москва,5,,351.54099999999994,1.0,5.0,0.0
74,VdNzagUv,37.678141,55.789393999999994,1.2509862080109313,POINT (37.678141 55.78939399999999),41,Москва,13,,203.351,2.0,13.0,6.0
76,EYeTJlnp,37.653334,55.856351000000004,0.04082349381598799,POINT (37.653334 55.856351),41,Москва,11,,200.98,1.0,0.0,2.0
77,Sz1ye8MD,37.593725,55.752097,0.4298043662357912,POINT (37.593725 55.752097),41,Москва,4,,710.505,7.0,9.0,4.0
79,UT4p9zvj,37.659371,55.776858999999995,-0.4345975724748826,POINT (37.659371 55.77685899999999),41,Москва,3,,271.701,7.0,12.0,5.0
86,rhifIvhc,37.366207,55.644661,1.034885723333263,POINT (37.366207 55.644661),41,Москва,8,,505.17300000000006,2.0,1.0,1.0
87,n59CZdDP,37.579529,55.807542000000005,-0.34815737860381524,POINT (37.579529 55.80754200000001),41,Москва,13,,374.1820000000001,1.0,4.0,5.0
89,DcWDQ5JC,37.515103,55.805803000000004,0.5594646570423922,POINT (37.515103 55.805803),41,Москва,9,,52.56,2.0,6.0,1.0
91,s8LhdRDp,37.723067,55.782563,-0.26171718473274785,POINT (37.723067 55.782563),41,Москва,7,,134.073,1.0,9.0,4.0
95,BpoVvgKO,37.46445,55.809509999999996,-0.650698057152551,POINT (37.46445 55.80951),41,Москва,10,,294.734,1.0,1.0,1.0
97,5UKRuSA9,37.576824,55.838028,2.850129794625678,POINT (37.576824 55.838028),41,Москва,9,,473.25699999999995,3.0,1.0,5.0
99,5jpPGoo6,37.517761,55.524437,-0.5858679117492506,POINT (37.517761 55.524437),41,Москва,4,,,,3.0,0.0
102,2jNsxoXl,37.525127000000005,55.643668000000005,-0.39137747553934893,POINT (37.525127 55.64366800000001),41,Москва,14,,156.468,1.0,7.0,1.0
106,9RYHfP3m,37.38073,55.766712,-0.4778176694104163,POINT (37.38073 55.766712),41,Москва,1,,,,0.0,4.0
108,5WiIuenb,37.625792,55.726877,0.5810747055101592,POINT (37.625792 55.726877),41,Москва,8,,260.524,6.0,20.0,1.0
110,0yC9gVuF,37.795349,55.759304,-1.082899026507888,POINT (37.795349 55.759304),41,Москва,6,,1350.9940000000001,1.0,8.0,0.0
111,5RDhXAew,37.589706,55.749205,-0.26171718473274785,POINT (37.589706 55.749205),41,Москва,0,,539.471,3.0,9.0,4.0
117,BS42UrdB,37.601719,55.611703000000006,0.25692397849365645,POINT (37.601719 55.61170300000001),41,Москва,9,,368.325,1.0,10.0,6.0
119,dv6A4N9j,37.41172,55.647053,2.2450484375282063,POINT (37.41172 55.647053),41,Москва,8,,,,4.0,0.0
125,kMeJWHoE,37.67892,55.78856999999999,-0.4778176694104163,POINT (37.67892 55.78856999999999),41,Москва,10,,178.833,3.0,14.0,6.0
127,Up3Qbuvy,37.474799,55.72790500000001,0.5162445601068586,POINT (37.474799 55.72790500000001),41,Москва,10,,409.64,3.0,1.0,5.0
128,zqxBvgo3,37.602418,55.689662,0.4730244631713249,POINT (37.602418 55.689662),41,Москва,8,,,,1.0,2.0
129,omENfbNH,37.305857,55.485758,0.8620053355911281,POINT (37.305857 55.485758),41,Москва,4,,,,1.0,2.0
133,du4QcmQO,37.61114,55.72961,-0.52103776634595,POINT (37.61114 55.72961),41,Москва,8,,187.07599999999996,5.0,13.0,2.0
140,XFkAf5M7,37.492272,55.793785,0.732345044784527,POINT (37.492272 55.793785),41,Москва,15,,281.884,1.0,3.0,0.0
142,ck6UZCBf,37.765282,55.677014,0.8620053355911281,POINT (37.765282 55.677014),41,Москва,11,,458.3,1.0,6.0,1.0
149,c0UVFgm4,37.608376,55.640498,-0.7371382510236184,POINT (37.608376 55.640498),41,Москва,6,,132.23,1.0,1.0,4.0
153,6Ujlr2LT,37.599224,55.594651,-0.4345975724748826,POINT (37.599224 55.594651),41,Москва,9,,110.485,1.0,0.0,0.0
157,jyqrl6X7,37.577366,55.819331000000005,0.21370388155812275,POINT (37.577366 55.81933100000001),41,Москва,8,,391.706,4.0,7.0,1.0
160,3Ix3aKz2,37.605121999999994,55.864849,-0.8235784448946858,POINT (37.60512199999999 55.864849),41,Москва,13,,171.99,1.0,0.0,3.0
168,oVuxDTxV,37.749337,55.788125,-0.6074779602170174,POINT (37.749337 55.788125),41,Москва,12,,156.545,1.0,9.0,0.0
171,5Hm5PVsi,37.618848,55.80346899999999,0.08404359075152168,POINT (37.618848 55.80346899999999),41,Москва,3,,864.381,2.0,8.0,6.0
180,ueXw8anZ,37.478132,55.854932999999996,3.0662302793033462,POINT (37.478132 55.854933),41,Москва,22,,120.661,1.0,9.0,3.0
181,b00YAzxr,37.481371,55.663201,3.3255508609165485,POINT (37.481371 55.663201),41,Москва,13,,718.846,1.0,7.0,3.0
186,uReBoRP9,37.656393,55.636821,-0.39137747553934893,POINT (37.656393 55.636821),41,Москва,14,,99.681,1.0,5.0,3.0
187,tbmL4C5J,37.602891,55.765829000000004,-0.21849708779721416,POINT (37.602891 55.765829),41,Москва,8,,296.845,6.0,20.0,7.0
191,VtQVSJDn,37.767348999999996,55.705906999999996,1.034885723333263,POINT (37.767349 55.705907),41,Москва,12,,141.326,1.0,6.0,2.0
198,cI5aMfP5,37.174766,55.981852,-0.06722674852284624,POINT (37.174766 55.981852),41,Москва,23,,254.997,1.0,7.0,4.0
205,1QF1l1v9,37.642140999999995,55.704974,0.3865842693002575,POINT (37.642141 55.704974),41,Москва,7,,970.5869999999999,2.0,6.0,7.0
209,95UFIIsM,37.70708,55.747424,-0.045616700055079396,POINT (37.70708 55.747424),41,Москва,4,,620.13,3.0,7.0,3.0
211,zg9Rqx6j,37.783778000000005,55.751043,0.5162445601068586,POINT (37.78377800000001 55.751043),41,Москва,9,,335.35299999999995,1.0,8.0,1.0
213,59UjpU7q,37.823358,55.82249300000001,0.8187852386555944,POINT (37.823358 55.82249300000001),41,Москва,11,,,,3.0,1.0
215,OHty6LJP,37.543246,55.547844999999995,0.732345044784527,POINT (37.543246 55.547845),41,Москва,8,,311.33099999999996,3.0,8.0,2.0
216,9F0eikRX,37.605028999999995,55.883288,0.21370388155812275,POINT (37.60502899999999 55.883288),41,Москва,10,,133.65699999999998,2.0,5.0,2.0
221,FKpC96cF,37.866307,55.743527,-0.6939181540880848,POINT (37.866307 55.743527),41,Москва,18,,309.931,2.0,10.0,3.0
222,XgLZQs6q,37.760289,55.674530000000004,-0.26171718473274785,POINT (37.760289 55.67453),41,Москва,10,,232.567,1.0,6.0,2.0
224,JPx1PvlT,37.799084,55.809132,0.4730244631713249,POINT (37.799084 55.809132),41,Москва,28,,172.337,1.0,9.0,4.0
225,8X4xMkKc,37.508122,55.743649,0.34336417236472383,POINT (37.508122 55.743649),41,Москва,2,,661.828,4.0,4.0,11.0
226,GSLqcJM1,37.4297,55.65875,0.8187852386555944,POINT (37.4297 55.65875),41,Москва,7,,1297.6120000000003,1.0,3.0,2.0
227,YTZfRTZJ,37.623825,55.761543999999994,0.8187852386555944,POINT (37.623825 55.76154399999999),41,Москва,7,,272.994,11.0,16.0,11.0
228,9PoCNghL,37.633949,55.780203,0.17048378462258906,POINT (37.633949 55.780203),41,Москва,5,,181.01000000000002,3.0,11.0,5.0
232,w6RCwQrC,37.571560999999996,55.503838,-0.52103776634595,POINT (37.571561 55.503838),41,Москва,4,,1410.8880000000001,1.0,5.0,4.0
234,d8JVU4L3,37.360169,55.847572,-0.7803583479591522,POINT (37.360169 55.847572),41,Москва,10,,333.70000000000005,2.0,4.0,3.0
236,UfEj63Mg,37.544665,55.863752000000005,0.6459048509134596,POINT (37.544665 55.86375200000001),41,Москва,7,,474.26,1.0,1.0,5.0
237,HtEs9cWZ,37.622612,55.72933100000001,1.164546014139864,POINT (37.622612 55.72933100000001),41,Москва,11,,140.22899999999998,7.0,20.0,2.0
238,IlEraymJ,37.675098,55.710535,-0.30493728166828155,POINT (37.675098 55.710535),41,Москва,3,,978.707,3.0,10.0,2.0
240,HAqT6xQb,37.719899,55.612726,3.1526704731744135,POINT (37.719899 55.612726),41,Москва,12,,377.35999999999996,1.0,14.0,8.0
241,2EADrSl6,37.622021999999994,55.684431999999994,2.2018283405926726,POINT (37.62202199999999 55.68443199999999),41,Москва,6,,689.2860000000001,1.0,4.0,2.0
242,6GDLLbCh,37.759126,55.63894499999999,-0.650698057152551,POINT (37.759126 55.63894499999999),41,Москва,9,,920.6259999999999,2.0,0.0,2.0
247,ZEvDCFD6,37.56367,55.74434,0.9484455294621955,POINT (37.56367 55.74434),41,Москва,11,,289.262,6.0,8.0,5.0
256,tLuy6W1t,37.591484,55.707393999999994,1.2509862080109313,POINT (37.591484 55.70739399999999),41,Москва,1,,312.19599999999997,2.0,5.0,6.0
263,PxLPVy6I,37.572989,55.56719399999999,1.1213259172043302,POINT (37.572989 55.56719399999999),41,Москва,5,,391.62,2.0,9.0,1.0
265,LjxEMUOO,37.541447,55.65596600000001,-0.9532387357012869,POINT (37.541447 55.65596600000001),41,Москва,14,,170.103,1.0,0.0,3.0
266,nJTccp1w,37.514509000000004,55.744566000000006,-0.13205689392614678,POINT (37.514509 55.74456600000001),41,Москва,3,,63.964,3.0,2.0,10.0
267,bNDUKJPE,37.60593,55.622604,0.25692397849365645,POINT (37.60593 55.622604),41,Москва,9,,253.01999999999998,1.0,4.0,2.0
268,HGHbCtK4,37.564184000000004,55.678416000000006,0.7107349963167602,POINT (37.564184 55.67841600000001),41,Москва,9,,127.404,2.0,5.0,5.0
271,7f8oLjIM,37.743809999999996,55.802292,0.6459048509134596,POINT (37.74381 55.802292),41,Москва,8,,159.39,2.0,3.0,1.0
277,2nZ3pCKA,37.595555,55.647504000000005,-0.30493728166828155,POINT (37.595555 55.647504),41,Москва,5,,640.7760000000001,2.0,1.0,2.0
285,aYLir9h9,37.534028,55.693307,-0.7371382510236184,POINT (37.534028 55.693307),41,Москва,8,,572.007,1.0,4.0,0.0
287,4sRLEOxj,37.606606,55.763435,-0.045616700055079396,POINT (37.606606 55.763435),41,Москва,8,,255.11800000000005,9.0,24.0,13.0
290,yLT4AAE2,37.500057,55.697458999999995,-0.5642578632814836,POINT (37.500057 55.69745899999999),41,Москва,7,,105.63,1.0,0.0,3.0
292,HWurGKxG,37.174811,55.982678,-0.8667985418302195,POINT (37.174811 55.982678),41,Москва,20,,423.604,1.0,7.0,4.0
293,YhUH0AzP,37.564275,55.48530600000001,-0.9964588326368206,POINT (37.564275 55.48530600000001),41,Москва,4,,869.7289999999999,1.0,0.0,0.0
294,8WSj3Gk6,37.664964000000005,55.677589000000005,1.3374264018819988,POINT (37.664964 55.677589),41,Москва,13,,105.327,1.0,1.0,2.0
296,ULMcd4UD,37.609398,55.724074,-0.32654733013604836,POINT (37.609398 55.724074),41,Москва,1,,661.37,5.0,9.0,3.0
299,OCFXnfRX,37.434961,55.862827,-0.045616700055079396,POINT (37.434961 55.862827),41,Москва,28,,263.901,1.0,6.0,0.0
301,Uv0PuoVB,37.539124,55.890487,0.4298043662357912,POINT (37.539124 55.890487),41,Москва,8,,,,4.0,2.0
309,VPAKzSyv,37.738382,55.621404000000005,-0.13205689392614678,POINT (37.738382 55.62140400000001),41,Москва,6,,509.42600000000004,2.0,3.0,0.0
310,agEDsbB4,37.743187,55.650691,-0.52103776634595,POINT (37.743187 55.650691),41,Москва,9,,205.34300000000002,1.0,12.0,4.0
311,1MZSTvdD,37.626744,55.664763,-0.4778176694104163,POINT (37.626744 55.664763),41,Москва,2,,,,3.0,1.0
312,tJMGAXxW,37.478967,55.705202,-0.5858679117492506,POINT (37.478967 55.705202),41,Москва,2,,,,0.0,0.0
313,YFVTWD12,37.799496000000005,55.809774,2.979790085432279,POINT (37.799496 55.809774),41,Москва,28,,141.16899999999998,1.0,9.0,4.0
314,P6UqUJpJ,37.579044,55.569846,0.08404359075152168,POINT (37.579044 55.569846),41,Москва,11,,145.48499999999999,2.0,9.0,1.0
317,i56AVrYY,37.49945,55.820181000000005,1.1213259172043302,POINT (37.49945 55.82018100000001),41,Москва,12,,301.868,1.0,3.0,6.0
318,YV1fUOaw,37.588885,55.899252000000004,-0.13205689392614678,POINT (37.588885 55.899252),41,Москва,20,,332.9340000000001,1.0,10.0,1.0
319,NS2HdU7x,37.566136,55.744381000000004,1.164546014139864,POINT (37.566136 55.744381),41,Москва,11,,6.756,5.0,8.0,6.0
320,fPqxIVRl,37.492471,55.603912,0.12726368768705537,POINT (37.492471 55.603912),41,Москва,8,,,,0.0,5.0
327,DSJ1FKTg,37.486238,55.839484,-0.002396603119545705,POINT (37.486238 55.839484),41,Москва,9,,99.533,1.0,7.0,3.0
329,ojoSTUzr,37.552933,55.89761,-0.26171718473274785,POINT (37.552933 55.89761),41,Москва,8,,1311.7669999999998,1.0,4.0,2.0
331,k9vFUEKA,37.636654,55.754287,0.3865842693002575,POINT (37.636654 55.754287),41,Москва,9,,308.844,5.0,11.0,5.0
333,plCkOHbN,37.199926,56.008615,-0.9100186387657532,POINT (37.199926 56.008615),41,Москва,6,,725.9269999999999,1.0,6.0,2.0
336,34hHszrj,37.529346999999994,55.790881999999996,3.1526704731744135,POINT (37.52934699999999 55.790882),41,Москва,1,,1033.617,1.0,6.0,7.0
337,7hMTdDGt,37.469313,55.66425699999999,-0.6074779602170174,POINT (37.469313 55.66425699999999),41,Москва,6,,1504.4010000000003,1.0,6.0,3.0
341,AODBmARj,37.660853,55.887902000000004,-0.045616700055079396,POINT (37.660853 55.887902),41,Москва,27,,165.33100000000002,1.0,6.0,0.0
344,vjPO8Pi1,37.49365,55.792989,-0.7371382510236184,POINT (37.49365 55.792989),41,Москва,14,,67.208,1.0,3.0,0.0
348,te8dMz6Z,37.51644,55.778380000000006,2.007337904382771,POINT (37.51644 55.77838000000001),41,Москва,9,,511.3779999999999,2.0,3.0,2.0
350,gTgKPP27,37.621543,55.754674,-0.9100186387657532,POINT (37.621543 55.754674),41,Москва,1,,311.213,11.0,18.0,8.0
352,1TMXBgUM,37.606331,55.611794999999994,1.985727855915004,POINT (37.606331 55.61179499999999),41,Москва,10,,178.90800000000002,1.0,10.0,6.0
354,Hng1ty3A,37.734468,55.709798,0.7755651417200607,POINT (37.734468 55.709798),41,Москва,10,,621.819,1.0,12.0,1.0
355,QaQP4R7f,37.602885,55.596334999999996,-0.30493728166828155,POINT (37.602885 55.596335),41,Москва,10,,235.14900000000003,2.0,0.0,0.0
356,AGA0LBwJ,37.621947,55.684503,0.06243354228375483,POINT (37.621947 55.684503),41,Москва,6,,689.2860000000001,1.0,4.0,2.0
358,e6KI8WVh,37.664147,55.731865,0.25692397849365645,POINT (37.664147 55.731865),41,Москва,12,,125.708,3.0,7.0,1.0
362,H8wtfc6G,37.508715,55.616981,0.12726368768705537,POINT (37.508715 55.616981),41,Москва,6,,651.444,1.0,7.0,2.0
364,Eqhbo1u6,37.527941999999996,55.69219399999999,-0.17527699086168047,POINT (37.527942 55.69219399999999),41,Москва,1,,804.2530000000002,1.0,4.0,0.0
365,VXCpXVtO,37.732826,55.814578000000004,-0.9964588326368206,POINT (37.732826 55.814578),41,Москва,4,,131.357,2.0,3.0,3.0
366,ruh50nWT,37.543237,55.547036,-0.30493728166828155,POINT (37.543237 55.547036),41,Москва,10,,267.21399999999994,3.0,8.0,2.0
368,DZnacIGm,37.63531,55.731212,0.17048378462258906,POINT (37.63531 55.731212),41,Москва,7,,211.236,5.0,18.0,1.0
369,f9UjG9j3,37.603821999999994,55.865025,-0.21849708779721416,POINT (37.60382199999999 55.865025),41,Москва,12,,295.431,1.0,0.0,3.0
375,LLvbayjS,37.576367,55.819033999999995,-0.002396603119545705,POINT (37.576367 55.81903399999999),41,Москва,6,,317.086,4.0,7.0,1.0
377,3VbIMBNL,37.75197,55.758818999999995,0.34336417236472383,POINT (37.75197 55.758819),41,Москва,7,,421.243,2.0,4.0,4.0
380,q21AU0gF,37.818283,55.752683,0.9700555779299623,POINT (37.818283 55.752683),41,Москва,23,,200.367,1.0,9.0,2.0
381,msf1cbvr,37.749660999999996,55.659647,0.17048378462258906,POINT (37.749661 55.659647),41,Москва,9,,100.994,1.0,5.0,6.0
390,TvWyQA6I,37.590986,55.736219999999996,1.985727855915004,POINT (37.590986 55.73622),41,Москва,8,,365.148,2.0,4.0,2.0
396,owoZjLcJ,37.629579,55.898768000000004,-1.0396789295723543,POINT (37.629579 55.898768),41,Москва,5,,,,0.0,1.0
397,qsQAaylC,37.618947,55.73404,-0.39137747553934893,POINT (37.618947 55.73404),41,Москва,3,,577.6110000000002,8.0,16.0,2.0
399,xLWXr3Lf,37.731021000000005,55.729833,0.9484455294621955,POINT (37.73102100000001 55.729833),41,Москва,3,,664.39,3.0,3.0,3.0
400,W9hpCveX,37.505948,55.675511,-0.4778176694104163,POINT (37.505948 55.675511),41,Москва,11,,330.015,1.0,6.0,1.0
401,ewJhpiY9,37.590618,55.79368100000001,7.215359585114581,POINT (37.590618 55.79368100000001),41,Москва,8,,199.88199999999998,3.0,7.0,5.0
405,YmlaZQRx,37.531968,55.801912,1.7696273712373356,POINT (37.531968 55.801912),41,Москва,6,,226.624,1.0,8.0,4.0
406,CxcTgNjn,37.660183,55.75524,0.5594646570423922,POINT (37.660183 55.75524),41,Москва,7,,505.31899999999996,5.0,16.0,5.0
408,ne5FR9fF,37.681473,55.717847,0.9484455294621955,POINT (37.681473 55.717847),41,Москва,6,,793.652,4.0,6.0,2.0
410,nkt1PhrL,37.477381,55.85578,0.04082349381598799,POINT (37.477381 55.85578),41,Москва,22,,303.42999999999995,1.0,9.0,3.0
414,JX7XV6mD,37.743868,55.613216,-0.7803583479591522,POINT (37.743868 55.613216),41,Москва,17,,287.459,3.0,6.0,2.0
417,PUp3EyzF,37.664266999999995,55.870102,-0.26171718473274785,POINT (37.664267 55.870102),41,Москва,12,,137.719,1.0,3.0,2.0
420,AA8hN7bJ,37.628765,55.740664,0.21370388155812275,POINT (37.628765 55.740664),41,Москва,3,,159.85799999999998,5.0,8.0,1.0
421,uNw6t6xk,37.586825,55.794233,-0.002396603119545705,POINT (37.586825 55.794233),41,Москва,14,,147.647,3.0,7.0,7.0
422,Ap42ei8k,37.67879,55.772909999999996,-0.9100186387657532,POINT (37.67879 55.77291),41,Москва,10,,192.93299999999996,2.0,4.0,4.0
423,rn9A8r62,37.75213,55.619640000000004,-0.32654733013604836,POINT (37.75213 55.61964),41,Москва,3,,838.0169999999999,3.0,3.0,1.0
424,960M6jye,37.70577,55.78295,-1.234169365782256,POINT (37.70577 55.78295),41,Москва,4,,216.135,3.0,12.0,7.0
2,ZgodVRqB,39.635721000000004,47.21333,-1.0396789295723543,POINT (39.635721 47.21333),39,Ростовская область,6,,,,0.0,3.0
9,CHtHXJLp,39.701709,47.234012,-0.13205689392614678,POINT (39.701709 47.234012),39,Ростовская область,4,,,,9.0,4.0
10,sgrEW5hG,39.716986999999996,47.222272,-1.212559317314489,POINT (39.716987 47.222272),39,Ростовская область,11,,,,18.0,10.0
25,B8K3Fzd0,39.7046,47.226000000000006,0.08404359075152168,POINT (39.7046 47.22600000000001),39,Ростовская область,4,,,,20.0,8.0
45,7T3FujXu,39.67201,47.211275,0.8187852386555944,POINT (39.67201 47.211275),39,Ростовская область,4,,,,2.0,1.0
93,49RGSbXb,39.762138,47.232181,0.30014407542919014,POINT (39.762138 47.232181),39,Ростовская область,4,,1317.1339999999998,1.0,4.0,2.0
112,GT8iSIX9,39.629515000000005,47.208802,0.30014407542919014,POINT (39.629515 47.208802),39,Ростовская область,2,,,,0.0,3.0
130,ALeY6VVA,39.710881,47.249843,-0.17527699086168047,POINT (39.710881 47.249843),39,Ростовская область,5,,,,2.0,3.0
135,A2xt33Am,39.717178000000004,47.281294,-0.6939181540880848,POINT (39.717178 47.281294),39,Ростовская область,4,,,,5.0,4.0
144,SXJSzE6M,39.690447,47.260108,0.30014407542919014,POINT (39.690447 47.260108),39,Ростовская область,2,,,,2.0,2.0
190,uFWtwbd5,39.713683,47.249262,0.30014407542919014,POINT (39.713683 47.249262),39,Ростовская область,4,,,,1.0,4.0
210,O1UQUy36,39.713982,47.294783,-0.17527699086168047,POINT (39.713982 47.294783),39,Ростовская область,4,,,,4.0,5.0
231,1qYX1KZb,39.710018,47.220296999999995,-1.0396789295723543,POINT (39.710018 47.220297),39,Ростовская область,14,,,,18.0,8.0
246,p4OinUCs,39.690907,47.218739,-0.9532387357012869,POINT (39.690907 47.218739),39,Ростовская область,16,,90.708,1.0,1.0,0.0
283,9hCdPw1R,39.610521000000006,47.230596000000006,-0.30493728166828155,POINT (39.61052100000001 47.23059600000001),39,Ростовская область,7,,,,5.0,5.0
289,PIdoZHEy,39.764188,47.242109,-0.34815737860381524,POINT (39.764188 47.242109),39,Ростовская область,5,,741.206,2.0,1.0,1.0
302,lvkMDIOb,39.628532,47.229281,0.08404359075152168,POINT (39.628532 47.229281),39,Ростовская область,4,,,,1.0,3.0
342,lFH5jSIm,39.830557,47.238839,1.7480173227695688,POINT (39.830557 47.238839),39,Ростовская область,2,,,,0.0,2.0
347,mU5wwKjd,39.765401000000004,47.254866,-1.1693392203789554,POINT (39.765401 47.254866),39,Ростовская область,7,,174.733,2.0,0.0,1.0
378,YQ7ziyzt,39.715453000000004,47.282521,-0.4345975724748826,POINT (39.715453 47.282521),39,Ростовская область,6,,,,5.0,4.0
383,zaG5km8I,39.756130999999996,47.282688,-0.045616700055079396,POINT (39.756131 47.282688),39,Ростовская область,4,,,,0.0,1.0
5,ci9r9Fr2,92.926002,56.06590799999999,-0.21849708779721416,POINT (92.926002 56.06590799999999),68,Красноярский край,8,,1354.3600000000004,1.0,0.0,1.0
8,GU0QclY1,92.903162,56.050290000000004,-0.30493728166828155,POINT (92.90316199999999 56.05029),68,Красноярский край,3,,,,1.0,7.0
18,ejjC2aU3,92.974951,56.014022,-0.4345975724748826,POINT (92.974951 56.014022),68,Красноярский край,5,,,,0.0,1.0
24,Fcqb4WDt,92.931228,56.004484,-0.17527699086168047,POINT (92.931228 56.004484),68,Красноярский край,2,,,,0.0,2.0
68,NTjDKBtL,92.865583,56.009935999999996,-0.30493728166828155,POINT (92.865583 56.009936),68,Красноярский край,3,,677.315,1.0,1.0,2.0
82,2cU1Z8KM,92.798215,56.02265,-0.4345975724748826,POINT (92.798215 56.02265),68,Красноярский край,4,,,,0.0,4.0
107,9RIuAGT0,92.973036,56.053321999999994,0.7755651417200607,POINT (92.97303599999999 56.05332199999999),68,Красноярский край,3,,,,0.0,0.0
154,NF33CYqv,92.855412,56.014191000000004,-0.8667985418302195,POINT (92.855412 56.014191),68,Красноярский край,2,,1459.4319999999998,1.0,2.0,3.0
159,HccXdHMK,92.907574,56.032916,0.17048378462258906,POINT (92.907574 56.032916),68,Красноярский край,2,,,,1.0,2.0
165,y7s9SVJ9,92.904517,56.051203,-0.650698057152551,POINT (92.904517 56.051203),68,Красноярский край,4,,,,1.0,7.0
170,P9mGf44m,92.913763,56.042136,-0.34815737860381524,POINT (92.913763 56.042136),68,Красноярский край,5,,,,1.0,4.0
184,y5XqCNW4,92.854072,55.977807999999996,-0.17527699086168047,POINT (92.854072 55.977808),68,Красноярский край,1,,1291.4240000000002,3.0,1.0,1.0
195,9vpi0zuV,93.023803,55.997114,-0.4778176694104163,POINT (93.023803 55.997114),68,Красноярский край,0,,,,0.0,1.0
220,jg4KN4rk,92.886411,55.986692000000005,0.30014407542919014,POINT (92.886411 55.98669200000001),68,Красноярский край,2,,,,2.0,1.0
244,h6qIFhXA,93.010041,56.020784,0.9052254325266618,POINT (93.010041 56.020784),68,Красноярский край,4,,,,1.0,3.0
260,5z5VpTGn,92.881905,56.03873299999999,-0.8235784448946858,POINT (92.881905 56.03873299999999),68,Красноярский край,2,,,,0.0,3.0
264,fP7JB9Qs,92.877984,56.011430000000004,-0.9100186387657532,POINT (92.877984 56.01143),68,Красноярский край,5,,,,1.0,1.0
281,59rpwZBk,92.8844,56.0343,-1.2557794142500227,POINT (92.8844 56.0343),68,Красноярский край,4,,,,0.0,1.0
322,bwmFXfeI,92.813971,56.014036,-0.13205689392614678,POINT (92.813971 56.014036),68,Красноярский край,4,,1741.5919999999996,1.0,0.0,3.0
371,6HXoX1HZ,92.949832,56.04668,-0.9532387357012869,POINT (92.949832 56.04668),68,Красноярский край,2,,,,0.0,1.0
6,O3tOF6uE,30.4685,59.9214,-1.0396789295723543,POINT (30.4685 59.9214),44,Санкт-Петербург,5,,428.199,1.0,8.0,3.0
20,wQOQvE03,30.579832,59.735526,-1.1261191234434216,POINT (30.579832 59.735526),44,Санкт-Петербург,4,,,,2.0,2.0
22,8GOlibor,30.348665000000004,59.832466000000004,0.732345044784527,POINT (30.348665 59.832466),44,Санкт-Петербург,6,,608.4510000000001,1.0,3.0,6.0
42,UcFkrzvk,30.505551,59.831962,-0.30493728166828155,POINT (30.505551 59.831962),44,Санкт-Петербург,5,,207.82600000000002,2.0,1.0,2.0
43,cpG56rus,30.47281,59.91627,-1.0396789295723543,POINT (30.47281 59.91627),44,Санкт-Петербург,3,,788.056,2.0,9.0,3.0
49,4kXXpr1r,30.08969,59.738702,-0.9532387357012869,POINT (30.08969 59.738702),44,Санкт-Петербург,3,,1794.068,1.0,4.0,1.0
53,9p3J8gPd,30.143909999999998,59.849135,-1.212559317314489,POINT (30.14391 59.849135),44,Санкт-Петербург,5,,,,4.0,3.0
57,mIGlDDq2,30.415815000000002,59.953669,-0.7371382510236184,POINT (30.415815 59.953669),44,Санкт-Петербург,6,,,,0.0,0.0
64,QUpF6MWF,30.481682,59.907081999999996,0.6459048509134596,POINT (30.481682 59.907082),44,Санкт-Петербург,6,,298.923,1.0,14.0,1.0
70,cTNjjItI,29.957915999999997,60.093366,0.7755651417200607,POINT (29.957916 60.093366),44,Санкт-Петербург,4,,213.87800000000001,1.0,5.0,0.0
71,BSuZvUqW,30.348815999999996,59.915002,0.8187852386555944,POINT (30.348816 59.915002),44,Санкт-Петербург,6,,256.46000000000004,4.0,9.0,10.0
75,v46TS3KT,30.309721999999997,59.966483999999994,1.1213259172043302,POINT (30.309722 59.96648399999999),44,Санкт-Петербург,13,,610.2560000000001,2.0,11.0,11.0
78,X7Sv7X4f,29.894139000000003,59.881795,0.6891249478489934,POINT (29.894139 59.881795),44,Санкт-Петербург,5,,,,1.0,1.0
84,ibdAzVc5,30.387133000000002,59.849019999999996,-0.34815737860381524,POINT (30.387133 59.84902),44,Санкт-Петербург,4,,1373.6610000000003,1.0,7.0,3.0
96,QX4SAYI9,30.247937,59.858688,-1.234169365782256,POINT (30.247937 59.858688),44,Санкт-Петербург,3,,1429.7189999999996,2.0,7.0,3.0
98,vC4Bp1jb,30.261134000000002,59.86786800000001,-0.6074779602170174,POINT (30.261134 59.86786800000001),44,Санкт-Петербург,10,,156.119,2.0,7.0,1.0
101,xyt6yjVS,30.321087,60.01664,-0.8667985418302195,POINT (30.321087 60.01664),44,Санкт-Петербург,5,,335.999,1.0,15.0,1.0
104,CyYLUxCj,30.298369,59.906746999999996,-0.7803583479591522,POINT (30.298369 59.906747),44,Санкт-Петербург,4,,427.46400000000006,2.0,7.0,4.0
109,UvSdh5eX,30.354623999999998,59.852171999999996,-0.34815737860381524,POINT (30.354624 59.852172),44,Санкт-Петербург,5,,,,6.0,6.0
113,WOc5pt6d,30.244120000000002,60.022004,0.06243354228375483,POINT (30.24412 60.022004),44,Санкт-Петербург,2,,,,3.0,1.0
116,xG1TJsxS,30.349039,59.942578000000005,0.12726368768705537,POINT (30.349039 59.942578),44,Санкт-Петербург,5,,982.325,1.0,15.0,8.0
120,PlRVd2q7,30.349681,59.832908999999994,-1.1693392203789554,POINT (30.349681 59.83290899999999),44,Санкт-Петербург,6,,205.649,1.0,3.0,6.0
124,gJTsNAnJ,30.379346,59.870262,-1.0396789295723543,POINT (30.379346 59.870262),44,Санкт-Петербург,8,,246.27599999999998,1.0,4.0,2.0
126,jHHBbyj3,30.320997,59.92681999999999,-0.30493728166828155,POINT (30.320997 59.92681999999999),44,Санкт-Петербург,11,,119.24600000000001,8.0,44.0,21.0
131,2CRYkkg6,30.315541999999997,60.016895999999996,-0.5642578632814836,POINT (30.315542 60.016896),44,Санкт-Петербург,5,,211.863,1.0,15.0,1.0
143,mj6Q5LGP,30.145125,59.835831000000006,-0.39137747553934893,POINT (30.145125 59.83583100000001),44,Санкт-Петербург,4,,,,1.0,1.0
145,NlhU5eaH,30.322345000000002,59.848552000000005,0.25692397849365645,POINT (30.322345 59.84855200000001),44,Санкт-Петербург,10,,447.19000000000005,1.0,8.0,4.0
146,5LuJwOiM,30.400447999999997,60.010906000000006,-0.26171718473274785,POINT (30.400448 60.01090600000001),44,Санкт-Петербург,8,,896.1129999999999,1.0,14.0,6.0
152,w8zOhAG6,30.410413000000002,59.928543000000005,-0.8235784448946858,POINT (30.410413 59.928543),44,Санкт-Петербург,9,,339.047,1.0,5.0,0.0
161,xiF41hyd,30.256958,59.989943999999994,0.4730244631713249,POINT (30.256958 59.98994399999999),44,Санкт-Петербург,9,,323.008,1.0,2.0,3.0
163,hufqRDv4,30.395038,60.013018,0.30014407542919014,POINT (30.395038 60.013018),44,Санкт-Петербург,8,,348.249,1.0,14.0,6.0
164,V0ApRZJb,30.296671999999997,60.003612,1.3806464988175324,POINT (30.296672 60.003612),44,Санкт-Петербург,3,,411.86599999999993,1.0,14.0,9.0
167,TgeoTj5W,30.437617,59.933032,-0.17527699086168047,POINT (30.437617 59.933032),44,Санкт-Петербург,8,,480.53999999999996,2.0,1.0,4.0
176,LxMbcr8a,30.317728999999996,59.915881000000006,0.4298043662357912,POINT (30.317729 59.91588100000001),44,Санкт-Петербург,10,,159.302,6.0,11.0,10.0
182,uewNqxcJ,30.482577000000003,59.908258,-1.1693392203789554,POINT (30.482577 59.908258),44,Санкт-Петербург,6,,98.848,1.0,16.0,1.0
183,rkhUhnnc,30.622015,59.73877099999999,-0.650698057152551,POINT (30.622015 59.73877099999999),44,Санкт-Петербург,4,,,,1.0,3.0
194,hHKAMvaG,30.369312,60.008665,-0.26171718473274785,POINT (30.369312 60.008665),44,Санкт-Петербург,3,,282.38300000000004,2.0,4.0,0.0
200,4nCrGS4K,30.443872999999996,59.87619300000001,-0.08883679699061309,POINT (30.443873 59.87619300000001),44,Санкт-Петербург,7,,395.656,1.0,5.0,5.0
202,Ha4y1r9O,30.355110999999997,59.957184999999996,-0.002396603119545705,POINT (30.355111 59.957185),44,Санкт-Петербург,10,,12.865,2.0,6.0,2.0
207,3JMyNJ5Q,30.297659000000003,59.986416000000006,-0.30493728166828155,POINT (30.297659 59.98641600000001),44,Санкт-Петербург,8,,275.488,2.0,5.0,2.0
208,DvEZb53r,30.610533,59.74071,-1.212559317314489,POINT (30.610533 59.74071),44,Санкт-Петербург,5,,,,1.0,2.0
229,i8jX5UZv,30.474390000000003,59.94595,-0.650698057152551,POINT (30.47439 59.94595),44,Санкт-Петербург,8,,,,10.0,7.0
230,Fl0Opd5w,30.326728999999997,59.934582999999996,0.17048378462258906,POINT (30.326729 59.934583),44,Санкт-Петербург,9,,343.062,6.0,44.0,17.0
239,LyuFHuZx,30.384063,59.924416,-1.0396789295723543,POINT (30.384063 59.924416),44,Санкт-Петербург,12,,253.284,2.0,7.0,1.0
249,8Kw8gqVd,30.359883,59.930514,2.417928825270341,POINT (30.359883 59.930514),44,Санкт-Петербург,9,,77.529,6.0,40.0,16.0
258,4PiWRiJr,30.193401,59.852886,-0.650698057152551,POINT (30.193401 59.852886),44,Санкт-Петербург,6,,,,4.0,3.0
262,OrzylnCV,30.319964000000002,59.86660799999999,-1.0396789295723543,POINT (30.319964 59.86660799999999),44,Санкт-Петербург,4,,374.26800000000003,1.0,5.0,1.0
270,esn300Zl,30.470336,59.865058999999995,-0.39137747553934893,POINT (30.470336 59.865059),44,Санкт-Петербург,5,,240.31199999999998,1.0,1.0,0.0
275,v6Oi0Qqv,30.377473,59.829918000000006,0.4730244631713249,POINT (30.377473 59.82991800000001),44,Санкт-Петербург,6,,161.136,2.0,8.0,8.0
276,JdwLeH2P,30.410802,59.928986,-0.9532387357012869,POINT (30.410802 59.928986),44,Санкт-Петербург,9,,366.995,1.0,5.0,0.0
279,8KhPM0ol,30.234364000000003,59.949177,-1.2557794142500227,POINT (30.234364 59.949177),44,Санкт-Петербург,10,,294.415,1.0,2.0,3.0
280,Im4dPNQA,30.318236,59.819869999999995,-0.9532387357012869,POINT (30.318236 59.81986999999999),44,Санкт-Петербург,1,,,,1.0,6.0
284,rWEmMwxi,30.439315,59.932347,-0.4778176694104163,POINT (30.439315 59.932347),44,Санкт-Петербург,7,,226.139,2.0,1.0,4.0
298,26faxJy5,30.330016999999998,60.053615,-0.5642578632814836,POINT (30.330017 60.053615),44,Санкт-Петербург,7,,684.6659999999999,1.0,25.0,7.0
304,5xgQDtpq,30.317177,59.925389,-0.39137747553934893,POINT (30.317177 59.925389),44,Санкт-Петербург,7,,90.67699999999999,8.0,40.0,20.0
305,2TAJRlVf,30.323314,60.036664,0.34336417236472383,POINT (30.323314 60.036664),44,Санкт-Петербург,10,,256.509,1.0,7.0,4.0
306,GiIKvJL5,30.273976,59.900057999999994,-0.17527699086168047,POINT (30.273976 59.90005799999999),44,Санкт-Петербург,6,,38.093,1.0,5.0,2.0
307,kMEH7s7T,30.354079,59.987141,-0.13205689392614678,POINT (30.354079 59.987141),44,Санкт-Петербург,4,,562.159,2.0,8.0,4.0
321,nXLHbL6J,30.335177,60.058778000000004,-0.39137747553934893,POINT (30.335177 60.058778),44,Санкт-Петербург,3,,2098.966,1.0,28.0,8.0
323,P3zwA2PW,30.251162,59.842341000000005,-0.9532387357012869,POINT (30.251162 59.842341),44,Санкт-Петербург,6,,47.903999999999996,2.0,5.0,3.0
324,NbjUjYPI,30.347252,59.92864,-0.21849708779721416,POINT (30.347252 59.92864),44,Санкт-Петербург,4,,279.08199999999994,9.0,43.0,20.0
326,PPRBBVMW,30.205797999999998,59.990781999999996,-1.1693392203789554,POINT (30.205798 59.990782),44,Санкт-Петербург,5,,603.7549999999999,1.0,8.0,6.0
330,nIzdgNPW,30.323306,59.929001,-0.045616700055079396,POINT (30.323306 59.929001),44,Санкт-Петербург,9,,309.26300000000003,8.0,48.0,21.0
332,avEOHzEY,30.427870000000002,59.721488,0.12726368768705537,POINT (30.42787 59.721488),44,Санкт-Петербург,11,,269.57899999999995,1.0,2.0,0.0
340,IdMzYW0W,29.76554,59.997719999999994,0.9484455294621955,POINT (29.76554 59.99771999999999),44,Санкт-Петербург,7,,,,6.0,1.0
346,2kUlAO0h,30.582934,59.740388,-1.0396789295723543,POINT (30.582934 59.740388),44,Санкт-Петербург,7,,,,2.0,2.0
351,ZyyHiNqb,30.3984,59.828011,-0.8235784448946858,POINT (30.3984 59.828011),44,Санкт-Петербург,2,,,,7.0,3.0
357,gQlNWXf4,30.446878,59.912914,-0.52103776634595,POINT (30.446878 59.912914),44,Санкт-Петербург,3,,1642.2939999999996,1.0,0.0,7.0
367,fbHwWPwP,30.377937,59.82918000000001,-0.5858679117492506,POINT (30.377937 59.82918000000001),44,Санкт-Петербург,6,,215.559,2.0,8.0,8.0
370,QapR03Z6,30.247469,59.843173,-0.7803583479591522,POINT (30.247469 59.843173),44,Санкт-Петербург,7,,331.24899999999997,1.0,6.0,3.0
374,oWYaT4dK,30.320873,59.87869,0.04082349381598799,POINT (30.320873 59.87869),44,Санкт-Петербург,9,,282.04799999999994,3.0,5.0,2.0
385,6pVArqoM,29.777139000000002,59.909612,-1.212559317314489,POINT (29.777139 59.909612),44,Санкт-Петербург,6,,1207.5589999999997,1.0,8.0,2.0
386,Y5ARpcKu,30.162239000000003,59.807007999999996,-1.1693392203789554,POINT (30.162239 59.807008),44,Санкт-Петербург,2,,,,0.0,0.0
388,zzmWckqN,30.314963,60.047136,-0.9532387357012869,POINT (30.314963 60.047136),44,Санкт-Петербург,6,,1119.638,2.0,11.0,3.0
391,wCIpiNOn,30.392071,59.858334,0.4730244631713249,POINT (30.392071 59.858334),44,Санкт-Петербург,5,,300.023,1.0,4.0,5.0
393,WC4LMU6t,30.414226,59.95951899999999,-0.650698057152551,POINT (30.414226 59.95951899999999),44,Санкт-Петербург,5,,,,0.0,0.0
394,GVLixe1p,30.370209999999997,59.883,-0.17527699086168047,POINT (30.37021 59.883),44,Санкт-Петербург,4,,51.7,1.0,2.0,5.0
407,3HhvDYQp,30.268333000000002,59.850761999999996,-0.30493728166828155,POINT (30.268333 59.850762),44,Санкт-Петербург,5,,0.0,2.0,11.0,7.0
409,psQh5f3D,30.260932,59.867776,-0.39137747553934893,POINT (30.260932 59.867776),44,Санкт-Петербург,10,,156.119,2.0,7.0,1.0
411,akTbRDfA,30.355126000000002,59.921133999999995,-0.26171718473274785,POINT (30.355126 59.921134),44,Санкт-Петербург,3,,438.27,6.0,30.0,16.0
412,tLinWS5n,30.391599,59.833301,-0.9100186387657532,POINT (30.391599 59.833301),44,Санкт-Петербург,3,,1093.093,2.0,11.0,7.0
413,wG77qDMd,30.204863,59.83404,-0.26171718473274785,POINT (30.204863 59.83404),44,Санкт-Петербург,3,,,,5.0,1.0
419,YdPYoxfU,30.362054999999998,59.931738,-0.7803583479591522,POINT (30.362055 59.931738),44,Санкт-Петербург,6,,303.879,5.0,37.0,16.0
12,1ZvdVY5t,55.993548,54.713414,-0.34815737860381524,POINT (55.993548 54.713414),60,Республика Башкортостан,5,,,,0.0,7.0
58,nh41SLK0,56.111306000000006,54.80681800000001,0.8620053355911281,POINT (56.11130600000001 54.80681800000001),60,Республика Башкортостан,5,,1480.344,2.0,4.0,2.0
63,jvXZ5BfY,56.080169999999995,54.772889,-0.4778176694104163,POINT (56.08017 54.772889),60,Республика Башкортостан,5,,,,0.0,1.0
94,kcPx2crY,56.075499,54.817080000000004,-1.212559317314489,POINT (56.075499 54.81708),60,Республика Башкортостан,4,,,,1.0,1.0
115,eAjJXePD,55.881094999999995,54.790183999999996,0.8620053355911281,POINT (55.88109499999999 54.790184),60,Республика Башкортостан,4,,,,0.0,1.0
155,nFBsJ5k3,55.958351,54.736872,-0.34815737860381524,POINT (55.958351 54.736872),60,Республика Башкортостан,5,,,,10.0,6.0
179,bwIuFswf,55.947782999999994,54.725857,-0.52103776634595,POINT (55.94778299999999 54.725857),60,Республика Башкортостан,7,,,,6.0,5.0
201,TPU9VeHE,56.05836899999999,54.771232999999995,-1.363829656588857,POINT (56.05836899999999 54.771233),60,Республика Башкортостан,4,,,,0.0,4.0
203,iL9SqqPf,56.123864000000005,54.779754000000004,-0.7803583479591522,POINT (56.123864 54.779754),60,Республика Башкортостан,4,,,,0.0,2.0
218,cj6KcHW8,55.99405600000001,54.697990000000004,-0.002396603119545705,POINT (55.99405600000001 54.69799),60,Республика Башкортостан,5,,,,1.0,3.0
219,x5YyYuwn,55.98732,54.741197,-0.650698057152551,POINT (55.98732 54.741197),60,Республика Башкортостан,3,,,,6.0,8.0
233,9IcvdlDF,56.131626000000004,54.784093999999996,-1.4286598019921575,POINT (56.131626 54.784094),60,Республика Башкортостан,6,,,,0.0,2.0
245,zrqrRf0q,55.986665,54.718073,-0.650698057152551,POINT (55.986665 54.718073),60,Республика Башкортостан,5,,,,0.0,5.0
252,mn6nMLpV,56.03576999999999,54.757093999999995,-0.7371382510236184,POINT (56.03576999999999 54.757094),60,Республика Башкортостан,3,,,,2.0,6.0
255,ySZshzYS,55.999586,54.749739,0.9484455294621955,POINT (55.999586 54.749739),60,Республика Башкортостан,2,,,,7.0,8.0
259,m41j6rrW,56.010003000000005,54.759041,-0.26171718473274785,POINT (56.010003 54.759041),60,Республика Башкортостан,4,,,,7.0,4.0
308,5e7r5h7s,55.931315000000005,54.674806000000004,-0.21849708779721416,POINT (55.931315 54.674806),60,Республика Башкортостан,2,,,,1.0,5.0
379,6FdFnHvc,56.034734,54.789618000000004,0.12726368768705537,POINT (56.034734 54.789618),60,Республика Башкортостан,2,,,,0.0,1.0
392,f0dnYtDK,56.083769,54.821121999999995,-0.5642578632814836,POINT (56.083769 54.821122),60,Республика Башкортостан,3,,,,1.0,1.0
13,zRh8HUje,49.118586,55.829578000000005,0.04082349381598799,POINT (49.118586 55.82957800000001),49,Республика Татарстан (Татарстан),2,,,,4.0,5.0
59,GLpUl6ku,49.219566,55.745681000000005,-0.08883679699061309,POINT (49.219566 55.745681),49,Республика Татарстан (Татарстан),4,,,,4.0,3.0
65,ZDyDKUmb,49.112998,55.779996,0.6459048509134596,POINT (49.112998 55.779996),49,Республика Татарстан (Татарстан),11,,1525.5670000000007,1.0,7.0,6.0
66,4LvQzaA9,49.056271,55.819044999999996,0.1920938330903559,POINT (49.056271 55.819045),49,Республика Татарстан (Татарстан),2,,,,3.0,1.0
69,3bqwQXqD,49.09329,55.821254,0.12726368768705537,POINT (49.09329 55.821254),49,Республика Татарстан (Татарстан),5,,,,11.0,10.0
88,aWMomlO7,49.118586,55.829578000000005,0.34336417236472383,POINT (49.118586 55.82957800000001),49,Республика Татарстан (Татарстан),2,,,,4.0,5.0
90,ny5swWUO,49.186229,55.803373,-0.4345975724748826,POINT (49.186229 55.803373),49,Республика Татарстан (Татарстан),6,,1160.8000000000002,1.0,5.0,1.0
92,Tw1Svbiw,49.080358000000004,55.834436,-0.08883679699061309,POINT (49.080358 55.834436),49,Республика Татарстан (Татарстан),5,,,,11.0,4.0
114,nGW7MYJ2,49.14667,55.82634,-0.34815737860381524,POINT (49.14667 55.82634),49,Республика Татарстан (Татарстан),4,,,,1.0,7.0
121,K3gR6qAk,49.233274,55.763478000000006,-1.082899026507888,POINT (49.233274 55.76347800000001),49,Республика Татарстан (Татарстан),3,,,,5.0,3.0
137,qbrgrMBr,49.149344,55.784486,-1.1261191234434216,POINT (49.149344 55.784486),49,Республика Татарстан (Татарстан),2,,,,7.0,1.0
148,Zg57ss59,49.192958000000004,55.744566000000006,-0.5642578632814836,POINT (49.192958 55.74456600000001),49,Республика Татарстан (Татарстан),3,,,,1.0,5.0
150,y3wFGx0E,49.093419,55.821845999999994,-0.650698057152551,POINT (49.093419 55.82184599999999),49,Республика Татарстан (Татарстан),5,,,,11.0,10.0
175,YscCLNMq,49.187244,55.753468000000005,-0.002396603119545705,POINT (49.187244 55.75346800000001),49,Республика Татарстан (Татарстан),3,,,,4.0,4.0
185,ZopCnYnF,49.231840999999996,55.755079,0.8187852386555944,POINT (49.231841 55.755079),49,Республика Татарстан (Татарстан),3,,,,1.0,4.0
196,A4nv1Vap,49.100728000000004,55.860342,0.21370388155812275,POINT (49.100728 55.860342),49,Республика Татарстан (Татарстан),5,,,,9.0,0.0
217,3mtxtQsE,49.179869000000004,55.766358999999994,-0.8235784448946858,POINT (49.179869 55.76635899999999),49,Республика Татарстан (Татарстан),4,,,,3.0,2.0
254,MJFHjv6Q,49.019816,55.867687,0.17048378462258906,POINT (49.019816 55.867687),49,Республика Татарстан (Татарстан),4,,,,2.0,0.0
295,FMPuwbsj,49.080847999999996,55.82885,-1.2989995111855563,POINT (49.080848 55.82885),49,Республика Татарстан (Татарстан),5,,,,14.0,7.0
338,6baGVy1n,49.109605,55.786663,0.34336417236472383,POINT (49.109605 55.786663),49,Республика Татарстан (Татарстан),8,,1038.7730000000001,1.0,10.0,6.0
345,Wf730kFc,49.081689000000004,55.828543,-0.34815737860381524,POINT (49.081689 55.828543),49,Республика Татарстан (Татарстан),5,,,,15.0,7.0
349,F9XOYlnb,49.212676,55.780841,-0.8235784448946858,POINT (49.212676 55.780841),49,Республика Татарстан (Татарстан),2,,,,2.0,5.0
359,AvrNG4Gf,49.184999,55.805234999999996,-0.6074779602170174,POINT (49.184999 55.805235),49,Республика Татарстан (Татарстан),4,,933.2269999999999,1.0,5.0,1.0
363,oeiKBQIm,49.185044,55.76481999999999,-0.9100186387657532,POINT (49.185044 55.76481999999999),49,Республика Татарстан (Татарстан),3,,,,3.0,2.0
382,oEOiQlpv,49.21689,55.76954,0.602684753977926,POINT (49.21689 55.76954),49,Республика Татарстан (Татарстан),4,,,,4.0,3.0
16,9BqGtCOu,60.616914,56.848247,-0.17527699086168047,POINT (60.616914 56.848247),71,Свердловская область,2,,,,5.0,6.0
47,I0hubgK0,60.556456999999995,56.806185,-0.6939181540880848,POINT (60.55645699999999 56.806185),71,Свердловская область,4,,,,0.0,0.0
61,6DLyJRJT,60.595022,56.834796,-1.1261191234434216,POINT (60.595022 56.834796),71,Свердловская область,8,,412.24,2.0,9.0,24.0
80,2UlFF5pG,60.61326700000001,56.899749,-0.6939181540880848,POINT (60.61326700000001 56.899749),71,Свердловская область,6,,702.933,1.0,11.0,8.0
83,AnEwYKsf,60.636812,56.838125,-0.6939181540880848,POINT (60.636812 56.838125),71,Свердловская область,5,,1757.9669999999996,1.0,8.0,6.0
85,CCoMeGSq,60.56259300000001,56.816823,-0.39137747553934893,POINT (60.56259300000001 56.816823),71,Свердловская область,4,,,,3.0,3.0
123,Z3zfHcbJ,60.505568999999994,56.823455,-0.6074779602170174,POINT (60.50556899999999 56.823455),71,Свердловская область,3,,,,1.0,6.0
173,ib3vdw9y,60.611964,56.807141,1.4670866926885997,POINT (60.611964 56.807141),71,Свердловская область,6,,383.58799999999997,1.0,1.0,2.0
174,PSh4SCru,60.605429,56.857018999999994,-0.6939181540880848,POINT (60.605429 56.85701899999999),71,Свердловская область,8,,290.20300000000003,2.0,4.0,3.0
188,J4kyyZ66,60.701356000000004,56.754564,-0.9100186387657532,POINT (60.701356 56.754564),71,Свердловская область,3,,,,0.0,0.0
199,Z3IaIqhp,60.613168,56.769296,0.04082349381598799,POINT (60.613168 56.769296),71,Свердловская область,2,,1247.2359999999999,1.0,0.0,0.0
223,o4icTq9v,60.600816,56.904251,-0.6939181540880848,POINT (60.600816 56.904251),71,Свердловская область,5,,1205.807,1.0,11.0,8.0
235,pmpDwkBu,60.64901999999999,56.788548999999996,-1.3422196081210902,POINT (60.64901999999999 56.788549),71,Свердловская область,2,,,,0.0,1.0
251,HmjxRHVs,60.62619399999999,56.79685500000001,-0.39137747553934893,POINT (60.62619399999999 56.79685500000001),71,Свердловская область,3,,461.468,1.0,5.0,3.0
303,HdHd7sSJ,60.598983999999994,56.829097999999995,-0.9532387357012869,POINT (60.59898399999999 56.82909799999999),71,Свердловская область,4,,425.16900000000004,2.0,7.0,18.0
315,sniqNObc,60.549152,56.853301,0.30014407542919014,POINT (60.549152 56.853301),71,Свердловская область,3,,,,2.0,5.0
335,wlzvYVvr,60.545255000000004,56.830029,-0.045616700055079396,POINT (60.545255 56.830029),71,Свердловская область,5,,,,7.0,8.0
353,uZS0s98V,60.519689,56.79343000000001,1.164546014139864,POINT (60.519689 56.79343000000001),71,Свердловская область,6,,,,4.0,4.0
398,bWXM7Z4I,60.65333100000001,56.856609999999996,-0.6939181540880848,POINT (60.65333100000001 56.85661),71,Свердловская область,3,,,,3.0,4.0
402,xsb5xUU4,60.537870999999996,56.816863,-0.002396603119545705,POINT (60.537871 56.816863),71,Свердловская область,5,,,,0.0,4.0
403,YD1XoHg9,60.5324,56.86539200000001,-0.4778176694104163,POINT (60.5324 56.86539200000001),71,Свердловская область,4,,,,0.0,1.0
415,jf7hZLjk,60.554713,56.869248999999996,-0.6074779602170174,POINT (60.554713 56.869249),71,Свердловская область,3,,,,0.0,1.0
17,53eoFG4u,43.863684,56.228005,0.6459048509134596,POINT (43.863684 56.228005),61,Нижегородская область,4,,,,0.0,2.0
40,hmgU8ZxH,44.006516,56.326797,-0.52103776634595,POINT (44.006516 56.326797),61,Нижегородская область,7,,,,2.0,1.0
46,tlkZpouQ,43.948288,56.321865,-0.13205689392614678,POINT (43.948288 56.321865),61,Нижегородская область,8,,174.86700000000002,2.0,2.0,3.0
105,Bq2RhWh4,43.866774,56.348392000000004,-0.6074779602170174,POINT (43.866774 56.348392),61,Нижегородская область,8,,,,1.0,7.0
132,ujHS8P2G,43.821958,56.365497999999995,-0.650698057152551,POINT (43.821958 56.365498),61,Нижегородская область,4,,1620.565,1.0,0.0,2.0
156,vohBRdK6,44.027034,56.319444,-0.8235784448946858,POINT (44.027034 56.319444),61,Нижегородская область,7,,,,3.0,1.0
162,t0UxAofh,43.92821,56.28733199999999,-0.002396603119545705,POINT (43.92821 56.28733199999999),61,Нижегородская область,5,,234.532,1.0,0.0,4.0
172,AG9avE8M,43.951477000000004,56.235105000000004,-0.34815737860381524,POINT (43.951477 56.235105),61,Нижегородская область,4,,,,0.0,3.0
177,P96LMIRr,44.076675,56.306447999999996,-0.34815737860381524,POINT (44.076675 56.306448),61,Нижегородская область,2,,,,2.0,5.0
189,6oJCNSPc,43.956056,56.338797,-0.19688703932944732,POINT (43.956056 56.338797),61,Нижегородская область,3,,960.663,1.0,0.0,3.0
248,HtGYnJHb,44.042485,56.296299,-0.34815737860381524,POINT (44.042485 56.296299),61,Нижегородская область,4,,,,3.0,6.0
250,8xLLfRSF,43.88397,56.33959,-0.7803583479591522,POINT (43.88397 56.33959),61,Нижегородская область,4,,166.982,2.0,0.0,5.0
253,I24gbq5p,43.947623,56.320338,0.17048378462258906,POINT (43.947623 56.320338),61,Нижегородская область,4,,158.32,2.0,2.0,3.0
257,HuP6vu8Y,43.877078000000004,56.261653,0.602684753977926,POINT (43.877078 56.261653),61,Нижегородская область,3,,1528.354,2.0,0.0,1.0
269,9smvi5GH,43.990534999999994,56.314677,-0.650698057152551,POINT (43.99053499999999 56.314677),61,Нижегородская область,9,,707.469,1.0,8.0,5.0
274,b0sYQyFL,44.072992,56.2903,-0.17527699086168047,POINT (44.072992 56.2903),61,Нижегородская область,4,,,,3.0,1.0
278,vWhC4eBL,43.853857,56.222055000000005,-0.6939181540880848,POINT (43.853857 56.222055),61,Нижегородская область,5,,,,0.0,2.0
288,xNX8I5kF,43.868347,56.350322999999996,1.5103067896241336,POINT (43.868347 56.350323),61,Нижегородская область,7,,,,1.0,6.0
291,FU4c6TNZ,43.851009000000005,56.250287,-0.7803583479591522,POINT (43.851009 56.250287),61,Нижегородская область,5,,1286.3699999999992,1.0,3.0,2.0
339,7NWLRjS9,43.856974,56.259358,-0.08883679699061309,POINT (43.856974 56.259358),61,Нижегородская область,8,,,,0.0,1.0
360,fmo3uo10,43.864996000000005,56.243008999999994,-0.30493728166828155,POINT (43.864996 56.24300899999999),61,Нижегородская область,10,,529.338,2.0,3.0,2.0
23,SJOpfpK9,82.87236800000001,54.981574,0.21370388155812275,POINT (82.87236800000001 54.981574),18,Новосибирская область,5,,,,0.0,1.0
26,0BYKB88d,82.890947,54.984035999999996,-0.39137747553934893,POINT (82.890947 54.984036),18,Новосибирская область,10,,352.209,2.0,2.0,10.0
50,p31ln7Rd,82.961589,55.039081,0.08404359075152168,POINT (82.961589 55.039081),18,Новосибирская область,3,,1044.656,1.0,0.0,8.0
100,bW2iNSMp,82.934565,55.105543999999995,0.3865842693002575,POINT (82.93456500000001 55.10554399999999),18,Новосибирская область,2,,,,1.0,3.0
122,n7SOrDDm,82.92201700000001,55.04399300000001,0.21370388155812275,POINT (82.92201700000001 55.04399300000001),18,Новосибирская область,4,,469.93499999999995,5.0,7.0,12.0
136,xN7TAdHL,82.93639399999999,55.066218000000006,-0.650698057152551,POINT (82.93639399999999 55.06621800000001),18,Новосибирская область,3,,,,0.0,2.0
138,VVoIWaCa,82.90992800000001,54.936865000000004,-0.9964588326368206,POINT (82.90992800000001 54.936865),18,Новосибирская область,4,,,,0.0,1.0
141,sZIU9J2S,82.896969,54.980785,-0.8235784448946858,POINT (82.896969 54.980785),18,Новосибирская область,10,,664.4659999999999,2.0,2.0,9.0
147,oVyZAtf8,82.853025,54.96611600000001,-0.32654733013604836,POINT (82.853025 54.96611600000001),18,Новосибирская область,2,,,,0.0,1.0
151,cmCo8uJn,82.897109,54.983219999999996,-0.650698057152551,POINT (82.897109 54.98322),18,Новосибирская область,8,,702.196,2.0,2.0,9.0
166,jEMylCQY,82.961076,55.104068999999996,-0.4345975724748826,POINT (82.96107600000001 55.104069),18,Новосибирская область,2,,,,0.0,1.0
192,zynEGrYK,82.914099,55.059654,1.294206304946465,POINT (82.91409899999999 55.059654),18,Новосибирская область,7,,201.139,2.0,8.0,12.0
193,padKVxZ1,82.905185,54.989033,1.164546014139864,POINT (82.905185 54.989033),18,Новосибирская область,5,,33.156000000000006,2.0,2.0,11.0
206,hhQwsdq2,82.952805,55.013374,1.164546014139864,POINT (82.952805 55.013374),18,Новосибирская область,2,,1070.261,3.0,7.0,4.0
261,DkEbcUGo,82.896401,55.035830000000004,0.5162445601068586,POINT (82.896401 55.03583),18,Новосибирская область,3,,103.99,2.0,0.0,3.0
272,ydC9L7Y0,83.09449599999999,54.840236,-1.1693392203789554,POINT (83.09449599999999 54.840236),18,Новосибирская область,2,,,,3.0,1.0
273,H8hoDXdE,83.002607,55.035543000000004,1.4886967411563665,POINT (83.002607 55.035543),18,Новосибирская область,6,,,,0.0,2.0
297,t7pBweOS,82.912079,55.055884999999996,-0.6939181540880848,POINT (82.91207900000001 55.055885),18,Новосибирская область,4,,421.68500000000006,3.0,9.0,14.0
325,eLaYE4WM,82.890962,54.983999999999995,0.21370388155812275,POINT (82.890962 54.98399999999999),18,Новосибирская область,10,,352.209,2.0,2.0,10.0
328,zq24zBHA,82.899443,55.03455400000001,0.12726368768705537,POINT (82.89944300000001 55.03455400000001),18,Новосибирская область,3,,491.297,2.0,0.0,5.0
343,HQWajdou,82.925985,55.014685,-0.26171718473274785,POINT (82.925985 55.014685),18,Новосибирская область,4,,1257.797,2.0,0.0,6.0
361,6zswhGTw,83.11036899999999,54.966570999999995,-0.7803583479591522,POINT (83.11036899999999 54.96657099999999),18,Новосибирская область,1,,625.829,1.0,0.0,1.0
373,bXtjCW9X,82.96786,55.052327000000005,-0.39137747553934893,POINT (82.96786 55.05232700000001),18,Новосибирская область,3,,1484.312,1.0,0.0,3.0
376,zYEPdy6c,82.97831,55.037668000000004,-0.26171718473274785,POINT (82.97830999999999 55.037668),18,Новосибирская область,4,,206.28000000000003,1.0,0.0,4.0
395,gy5R6Tzq,83.019867,55.00283,0.34336417236472383,POINT (83.019867 55.00283),18,Новосибирская область,3,,,,2.0,1.0
418,PJ5m7cqh,82.976488,55.056951,1.985727855915004,POINT (82.976488 55.056951),18,Новосибирская область,5,,,,0.0,1.0
44,FS7Ufln2,50.21569,53.239158999999994,0.3865842693002575,POINT (50.21569 53.23915899999999),30,Самарская область,0,,,,2.0,6.0
62,Mk1D78ip,50.126073999999996,53.187828,-1.1693392203789554,POINT (50.126074 53.187828),30,Самарская область,2,,603.522,1.0,0.0,1.0
67,3uG2b8Ye,50.263857,53.218848,2.6340293099480094,POINT (50.263857 53.218848),30,Самарская область,3,,1372.2390000000003,2.0,1.0,5.0
81,P2LhIYVH,50.123711,53.192857,0.9916656263977291,POINT (50.123711 53.192857),30,Самарская область,7,,970.487,1.0,0.0,1.0
103,Ccqm3lC6,50.262682,53.220259,3.10945037623888,POINT (50.262682 53.220259),30,Самарская область,3,,1253.2640000000001,2.0,1.0,4.0
118,myPybSTm,50.181802000000005,53.212513,-0.34815737860381524,POINT (50.181802 53.212513),30,Самарская область,5,,,,1.0,3.0
134,bBxa5jY2,50.148747,53.217110999999996,-0.4778176694104163,POINT (50.148747 53.217111),30,Самарская область,2,,752.4239999999999,2.0,0.0,2.0
139,sMvuaVtL,50.22169,53.24867,0.9484455294621955,POINT (50.22169 53.24867),30,Самарская область,5,,,,4.0,6.0
158,tkDyf0LP,50.173675,53.14038000000001,1.5967469834952008,POINT (50.173675 53.14038000000001),30,Самарская область,2,,,,0.0,3.0
169,LwZsJ4Cy,50.190391,53.191807999999995,0.9052254325266618,POINT (50.190391 53.19180799999999),30,Самарская область,4,,1919.1869999999997,1.0,0.0,5.0
178,yQpPc4NY,50.305359,53.325718,0.34336417236472383,POINT (50.305359 53.325718),30,Самарская область,5,,,,0.0,4.0
197,aooa1N95,50.238669,53.251546999999995,0.04082349381598799,POINT (50.238669 53.251547),30,Самарская область,0,,,,3.0,2.0
204,XRbToMaK,50.270990000000005,53.275606999999994,0.9484455294621955,POINT (50.27099 53.27560699999999),30,Самарская область,4,,,,0.0,2.0
212,b3PCdEll,50.2764,53.233532,2.5043690191414085,POINT (50.2764 53.233532),30,Самарская область,2,,963.085,1.0,0.0,0.0
214,CEBFrSa4,50.0882,53.1224,5.702656192370902,POINT (50.0882 53.1224),30,Самарская область,2,,,,0.0,0.0
243,H1tR9t1s,50.2633,53.22044399999999,0.12726368768705537,POINT (50.2633 53.22044399999999),30,Самарская область,3,,1340.2350000000001,1.0,1.0,4.0
282,xyfgfTqy,50.218369,53.346633999999995,1.683187177366268,POINT (50.218369 53.34663399999999),30,Самарская область,4,,,,0.0,1.0
286,KqXLlOgG,50.286374,53.299319999999994,0.08404359075152168,POINT (50.286374 53.29931999999999),30,Самарская область,6,,,,0.0,1.0
300,WriLsZWE,50.191899,53.191447,0.8187852386555944,POINT (50.191899 53.191447),30,Самарская область,3,,,,0.0,5.0
316,nfG8rj1F,50.140492,53.20338100000001,0.7755651417200607,POINT (50.140492 53.20338100000001),30,Самарская область,4,,1013.4480000000001,2.0,3.0,2.0
334,7KGXXWOd,50.248917999999996,53.24535600000001,0.25692397849365645,POINT (50.248918 53.24535600000001),30,Самарская область,2,,,,0.0,0.0
372,f2EweR1h,50.188938,53.19136999999999,0.3865842693002575,POINT (50.188938 53.19136999999999),30,Самарская область,3,,1761.358,1.0,0.0,5.0
384,mZTEZ4bf,50.158969,53.197251,-0.26171718473274785,POINT (50.158969 53.197251),30,Самарская область,3,,834.0020000000001,1.0,1.0,6.0
387,2SKYY79M,50.246331,53.212182999999996,3.2391106670454812,POINT (50.246331 53.212183),30,Самарская область,5,,148.815,3.0,1.0,4.0
389,ZfB8GmX1,50.188602,53.191244,0.17048378462258906,POINT (50.188602 53.191244),30,Самарская область,3,,,,0.0,5.0
404,fI0HvX5p,50.225666,53.25928100000001,0.30014407542919014,POINT (50.225666 53.25928100000001),30,Самарская область,3,,,,0.0,3.0
416,6B6HHnCd,50.121798,53.187213,0.04082349381598799,POINT (50.121798 53.187213),30,Самарская область,5,,262.697,1.0,0.0,1.0
