,field_1,point_id,lon,lat,target,index_right,NAME,bus_stop_300,railway,n_railway,n_mobile,n_electronics,geometry
0,0,ommNZCUV,37.590776,55.84863000000001,-0.34815737860381524,41,Москва,6,206.09,14.0,8.0,1.0,POINT (37.590776 55.84863000000001)
1,1,nMe2LHPb,37.784209999999995,55.750271,1.294206304946465,41,Москва,9,212.708,7.0,8.0,1.0,POINT (37.78420999999999 55.750271)
2,3,0t2jNYdz,37.704570000000004,55.782019999999996,-1.1693392203789554,41,Москва,7,3249.31,2.0,11.0,7.0,POINT (37.70457 55.78202)
3,4,U27W4QJ7,37.643983,55.730188,-0.08883679699061309,41,Москва,5,140.29000000000002,21.0,12.0,1.0,POINT (37.643983 55.730188)
4,7,CO76tdVs,37.444303999999995,55.850511,0.21370388155812275,41,Москва,6,335.01099999999997,37.0,8.0,4.0,POINT (37.444304 55.850511)
5,11,XPqFCntc,37.437191,55.664705000000005,-0.5642578632814836,41,Москва,5,1354.3600000000004,1.0,6.0,2.0,POINT (37.437191 55.664705)
6,14,Nj7qV6KG,37.799786,55.793427,0.4730244631713249,41,Москва,12,428.199,8.0,8.0,0.0,POINT (37.799786 55.793427)
7,15,E2fZAexI,37.40478,55.81024,-0.5642578632814836,41,Москва,3,267.58399999999995,7.0,4.0,2.0,POINT (37.40478 55.81024)
8,19,e5ZywFU6,37.730449,55.706607999999996,0.3865842693002575,41,Москва,9,3812.8080000000004,1.0,12.0,1.0,POINT (37.730449 55.706608)
9,21,wXDJYllD,37.597414,55.850995,0.6459048509134596,41,Москва,3,2381.718999999999,1.0,7.0,1.0,POINT (37.597414 55.850995)
10,27,tFr5ROxI,37.825155,55.724123999999996,-0.4345975724748826,41,Москва,8,2341.562,4.0,7.0,3.0,POINT (37.825155 55.724124)
11,28,kg8oDow1,37.628508000000004,55.759601,-1.2557794142500227,41,Москва,11,1079.2279999999998,7.0,15.0,11.0,POINT (37.628508 55.759601)
12,29,0eSE1PRt,37.491046000000004,55.683744,-0.30493728166828155,41,Москва,1,,,2.0,0.0,POINT (37.491046 55.683744)
13,30,dFRJyrdz,37.595278,55.58303299999999,-0.045616700055079396,41,Москва,5,3846.3150000000005,1.0,8.0,0.0,POINT (37.595278 55.58303299999999)
14,31,IVSpPooR,37.538765000000005,55.908623,-1.0396789295723543,41,Москва,6,176.18900000000002,4.0,0.0,7.0,POINT (37.53876500000001 55.908623)
15,32,ePTGtnXP,37.535637,55.691697999999995,-0.34815737860381524,41,Москва,9,970.333,6.0,4.0,0.0,POINT (37.535637 55.691698)
16,33,XTKhDNze,37.659739,55.845203000000005,-1.1045090749756548,41,Москва,2,1158.6380000000004,7.0,1.0,8.0,POINT (37.659739 55.84520300000001)
17,34,saJNxolJ,37.40677,55.75784,-1.1693392203789554,41,Москва,6,2237.283999999999,3.0,3.0,2.0,POINT (37.40677 55.75784)
18,35,kXV2cKsB,37.660087,55.843941,-0.4778176694104163,41,Москва,0,2993.993,1.0,1.0,8.0,POINT (37.660087 55.843941)
19,36,Ge3rjnNS,37.436246999999995,55.826377,0.3865842693002575,41,Москва,27,350.0919999999999,13.0,10.0,1.0,POINT (37.43624699999999 55.826377)
20,37,Uep82ylV,37.637687,55.80745600000001,0.5162445601068586,41,Москва,8,3192.5390000000007,1.0,2.0,5.0,POINT (37.637687 55.80745600000001)
21,38,eqECPIIT,37.7381,55.815425,-0.30493728166828155,41,Москва,4,658.4730000000001,10.0,3.0,2.0,POINT (37.7381 55.815425)
22,39,jc6nGwVC,37.603394,55.609839,0.6459048509134596,41,Москва,10,608.4510000000001,8.0,10.0,6.0,POINT (37.603394 55.609839)
23,41,FghElX6D,37.438987,55.849423,1.5535268865596672,41,Москва,7,1406.2170000000006,3.0,8.0,4.0,POINT (37.438987 55.849423)
24,48,Etvm4Few,37.634434000000006,55.82400500000001,-0.045616700055079396,41,Москва,11,2378.1240000000003,1.0,4.0,0.0,POINT (37.63443400000001 55.82400500000001)
25,51,lwTDMNbZ,37.765758,55.704133999999996,0.6459048509134596,41,Москва,11,1528.1240000000005,2.0,6.0,2.0,POINT (37.765758 55.704134)
26,52,jskwtTpg,37.62166,55.681346,-0.6939181540880848,41,Москва,7,352.209,3.0,4.0,2.0,POINT (37.62166 55.681346)
27,54,c5wVfiUF,37.679968,55.77293,1.8128474681728692,41,Москва,9,1489.4440000000002,8.0,4.0,4.0,POINT (37.679968 55.77293)
28,55,yyX5XM5Y,37.728164,55.691734,-0.34815737860381524,41,Москва,9,72.15400000000001,54.0,3.0,0.0,POINT (37.728164 55.691734)
29,56,ZfbQN6SL,37.646375,55.653255,-0.002396603119545705,41,Москва,10,836.804,8.0,4.0,2.0,POINT (37.646375 55.653255)
30,60,8NvqE4CJ,37.486227,55.839988,0.4730244631713249,41,Москва,9,104.23400000000001,8.0,7.0,3.0,POINT (37.486227 55.839988)
31,72,lkWtEXwO,37.493066,55.839565,1.0781058202687965,41,Москва,1,587.58,2.0,7.0,3.0,POINT (37.493066 55.839565)
32,73,zT71jR4g,37.599148,55.583953,1.3806464988175324,41,Москва,5,179.985,8.0,5.0,0.0,POINT (37.599148 55.583953)
33,74,VdNzagUv,37.678141,55.789393999999994,1.2509862080109313,41,Москва,13,1232.38,10.0,13.0,6.0,POINT (37.678141 55.78939399999999)
34,76,EYeTJlnp,37.653334,55.856351000000004,0.04082349381598799,41,Москва,11,184.001,2.0,0.0,2.0,POINT (37.653334 55.856351)
35,77,Sz1ye8MD,37.593725,55.752097,0.4298043662357912,41,Москва,4,1039.5529999999999,10.0,9.0,4.0,POINT (37.593725 55.752097)
36,79,UT4p9zvj,37.659371,55.776858999999995,-0.4345975724748826,41,Москва,3,70.703,6.0,12.0,5.0,POINT (37.659371 55.77685899999999)
37,86,rhifIvhc,37.366207,55.644661,1.034885723333263,41,Москва,8,254.43599999999998,17.0,1.0,1.0,POINT (37.366207 55.644661)
38,87,n59CZdDP,37.579529,55.807542000000005,-0.34815737860381524,41,Москва,13,277.381,7.0,4.0,5.0,POINT (37.579529 55.80754200000001)
39,89,DcWDQ5JC,37.515103,55.805803000000004,0.5594646570423922,41,Москва,9,397.61499999999995,6.0,6.0,1.0,POINT (37.515103 55.805803)
40,91,s8LhdRDp,37.723067,55.782563,-0.26171718473274785,41,Москва,7,1903.6370000000002,1.0,9.0,4.0,POINT (37.723067 55.782563)
41,95,BpoVvgKO,37.46445,55.809509999999996,-0.650698057152551,41,Москва,10,296.187,7.0,1.0,1.0,POINT (37.46445 55.80951)
42,97,5UKRuSA9,37.576824,55.838028,2.850129794625678,41,Москва,9,207.82600000000002,5.0,1.0,5.0,POINT (37.576824 55.838028)
43,99,5jpPGoo6,37.517761,55.524437,-0.5858679117492506,41,Москва,4,788.056,7.0,3.0,0.0,POINT (37.517761 55.524437)
44,102,2jNsxoXl,37.525127000000005,55.643668000000005,-0.39137747553934893,41,Москва,14,3604.883,1.0,7.0,1.0,POINT (37.525127 55.64366800000001)
45,106,9RYHfP3m,37.38073,55.766712,-0.4778176694104163,41,Москва,1,2060.9170000000004,3.0,0.0,4.0,POINT (37.38073 55.766712)
46,108,5WiIuenb,37.625792,55.726877,0.5810747055101592,41,Москва,8,174.86700000000002,9.0,20.0,1.0,POINT (37.625792 55.726877)
47,110,0yC9gVuF,37.795349,55.759304,-1.082899026507888,41,Москва,6,4250.59,1.0,8.0,0.0,POINT (37.795349 55.759304)
48,111,5RDhXAew,37.589706,55.749205,-0.26171718473274785,41,Москва,0,289.244,14.0,9.0,4.0,POINT (37.589706 55.749205)
49,117,BS42UrdB,37.601719,55.611703000000006,0.25692397849365645,41,Москва,9,1794.068,1.0,10.0,6.0,POINT (37.601719 55.61170300000001)
50,119,dv6A4N9j,37.41172,55.647053,2.2450484375282063,41,Москва,8,1044.656,8.0,4.0,0.0,POINT (37.41172 55.647053)
51,125,kMeJWHoE,37.67892,55.78856999999999,-0.4778176694104163,41,Москва,10,284.51,8.0,14.0,6.0,POINT (37.67892 55.78856999999999)
52,127,Up3Qbuvy,37.474799,55.72790500000001,0.5162445601068586,41,Москва,10,176.413,11.0,1.0,5.0,POINT (37.474799 55.72790500000001)
53,128,zqxBvgo3,37.602418,55.689662,0.4730244631713249,41,Москва,8,4552.889999999999,1.0,1.0,2.0,POINT (37.602418 55.689662)
54,129,omENfbNH,37.305857,55.485758,0.8620053355911281,41,Москва,4,285.251,33.0,1.0,2.0,POINT (37.305857 55.485758)
55,133,du4QcmQO,37.61114,55.72961,-0.52103776634595,41,Москва,8,378.817,9.0,13.0,2.0,POINT (37.61114 55.72961)
56,140,XFkAf5M7,37.492272,55.793785,0.732345044784527,41,Москва,15,243.488,7.0,3.0,0.0,POINT (37.492272 55.793785)
57,142,ck6UZCBf,37.765282,55.677014,0.8620053355911281,41,Москва,11,2852.572,5.0,6.0,1.0,POINT (37.765282 55.677014)
58,149,c0UVFgm4,37.608376,55.640498,-0.7371382510236184,41,Москва,6,1480.344,4.0,1.0,4.0,POINT (37.608376 55.640498)
59,153,6Ujlr2LT,37.599224,55.594651,-0.4345975724748826,41,Москва,9,,,0.0,0.0,POINT (37.599224 55.594651)
60,157,jyqrl6X7,37.577366,55.819331000000005,0.21370388155812275,41,Москва,8,163.461,8.0,7.0,1.0,POINT (37.577366 55.81933100000001)
61,160,3Ix3aKz2,37.605121999999994,55.864849,-0.8235784448946858,41,Москва,13,412.24,7.0,0.0,3.0,POINT (37.60512199999999 55.864849)
62,168,oVuxDTxV,37.749337,55.788125,-0.6074779602170174,41,Москва,12,603.522,4.0,9.0,0.0,POINT (37.749337 55.788125)
63,171,5Hm5PVsi,37.618848,55.80346899999999,0.08404359075152168,41,Москва,3,,,8.0,6.0,POINT (37.618848 55.80346899999999)
64,180,ueXw8anZ,37.478132,55.854932999999996,3.0662302793033462,41,Москва,22,298.923,6.0,9.0,3.0,POINT (37.478132 55.854933)
65,181,b00YAzxr,37.481371,55.663201,3.3255508609165485,41,Москва,13,1525.5670000000007,2.0,7.0,3.0,POINT (37.481371 55.663201)
66,186,uReBoRP9,37.656393,55.636821,-0.39137747553934893,41,Москва,14,3899.1869999999994,3.0,5.0,3.0,POINT (37.656393 55.636821)
67,187,tbmL4C5J,37.602891,55.765829000000004,-0.21849708779721416,41,Москва,8,1276.167,9.0,20.0,7.0,POINT (37.602891 55.765829)
68,191,VtQVSJDn,37.767348999999996,55.705906999999996,1.034885723333263,41,Москва,12,1705.83,2.0,6.0,2.0,POINT (37.767349 55.705907)
69,198,cI5aMfP5,37.174766,55.981852,-0.06722674852284624,41,Москва,23,2989.1300000000006,1.0,7.0,4.0,POINT (37.174766 55.981852)
70,205,1QF1l1v9,37.642140999999995,55.704974,0.3865842693002575,41,Москва,7,213.87800000000001,1.0,6.0,7.0,POINT (37.642141 55.704974)
71,209,95UFIIsM,37.70708,55.747424,-0.045616700055079396,41,Москва,4,256.46000000000004,28.0,7.0,3.0,POINT (37.70708 55.747424)
72,211,zg9Rqx6j,37.783778000000005,55.751043,0.5162445601068586,41,Москва,9,408.775,6.0,8.0,1.0,POINT (37.78377800000001 55.751043)
73,213,59UjpU7q,37.823358,55.82249300000001,0.8187852386555944,41,Москва,11,351.54099999999994,8.0,3.0,1.0,POINT (37.823358 55.82249300000001)
74,215,OHty6LJP,37.543246,55.547844999999995,0.732345044784527,41,Москва,8,203.351,24.0,8.0,2.0,POINT (37.543246 55.547845)
75,216,9F0eikRX,37.605028999999995,55.883288,0.21370388155812275,41,Москва,10,610.2560000000001,14.0,5.0,2.0,POINT (37.60502899999999 55.883288)
76,221,FKpC96cF,37.866307,55.743527,-0.6939181540880848,41,Москва,18,200.98,8.0,10.0,3.0,POINT (37.866307 55.743527)
77,222,XgLZQs6q,37.760289,55.674530000000004,-0.26171718473274785,41,Москва,10,710.505,52.0,6.0,2.0,POINT (37.760289 55.67453)
78,224,JPx1PvlT,37.799084,55.809132,0.4730244631713249,41,Москва,28,3696.4129999999996,1.0,9.0,4.0,POINT (37.799084 55.809132)
79,225,8X4xMkKc,37.508122,55.743649,0.34336417236472383,41,Москва,2,271.701,38.0,4.0,11.0,POINT (37.508122 55.743649)
80,226,GSLqcJM1,37.4297,55.65875,0.8187852386555944,41,Москва,7,702.933,5.0,3.0,2.0,POINT (37.4297 55.65875)
81,227,YTZfRTZJ,37.623825,55.761543999999994,0.8187852386555944,41,Москва,7,970.487,4.0,16.0,11.0,POINT (37.623825 55.76154399999999)
82,228,9PoCNghL,37.633949,55.780203,0.17048378462258906,41,Москва,5,4048.3920000000007,3.0,11.0,5.0,POINT (37.633949 55.780203)
83,232,w6RCwQrC,37.571560999999996,55.503838,-0.52103776634595,41,Москва,4,1757.9669999999996,7.0,5.0,4.0,POINT (37.571561 55.503838)
84,234,d8JVU4L3,37.360169,55.847572,-0.7803583479591522,41,Москва,10,1373.6610000000003,8.0,4.0,3.0,POINT (37.360169 55.847572)
85,236,UfEj63Mg,37.544665,55.863752000000005,0.6459048509134596,41,Москва,7,2897.894,3.0,1.0,5.0,POINT (37.544665 55.86375200000001)
86,237,HtEs9cWZ,37.622612,55.72933100000001,1.164546014139864,41,Москва,11,505.17300000000006,5.0,20.0,2.0,POINT (37.622612 55.72933100000001)
87,238,IlEraymJ,37.675098,55.710535,-0.30493728166828155,41,Москва,3,374.1820000000001,19.0,10.0,2.0,POINT (37.675098 55.710535)
88,240,HAqT6xQb,37.719899,55.612726,3.1526704731744135,41,Москва,12,3846.3150000000005,1.0,14.0,8.0,POINT (37.719899 55.612726)
89,241,2EADrSl6,37.622021999999994,55.684431999999994,2.2018283405926726,41,Москва,6,52.56,9.0,4.0,2.0,POINT (37.62202199999999 55.68443199999999)
90,242,6GDLLbCh,37.759126,55.63894499999999,-0.650698057152551,41,Москва,9,1160.8000000000002,3.0,0.0,2.0,POINT (37.759126 55.63894499999999)
91,247,ZEvDCFD6,37.56367,55.74434,0.9484455294621955,41,Москва,11,134.073,12.0,8.0,5.0,POINT (37.56367 55.74434)
92,256,tLuy6W1t,37.591484,55.707393999999994,1.2509862080109313,41,Москва,1,1071.4440000000002,1.0,5.0,6.0,POINT (37.591484 55.70739399999999)
93,263,PxLPVy6I,37.572989,55.56719399999999,1.1213259172043302,41,Москва,5,1317.1339999999998,4.0,9.0,1.0,POINT (37.572989 55.56719399999999)
94,265,LjxEMUOO,37.541447,55.65596600000001,-0.9532387357012869,41,Москва,14,2023.347,4.0,0.0,3.0,POINT (37.541447 55.65596600000001)
95,266,nJTccp1w,37.514509000000004,55.744566000000006,-0.13205689392614678,41,Москва,3,294.734,7.0,2.0,10.0,POINT (37.514509 55.74456600000001)
96,267,bNDUKJPE,37.60593,55.622604,0.25692397849365645,41,Москва,9,1429.7189999999996,8.0,4.0,2.0,POINT (37.60593 55.622604)
97,268,HGHbCtK4,37.564184000000004,55.678416000000006,0.7107349963167602,41,Москва,9,473.25699999999995,14.0,5.0,5.0,POINT (37.564184 55.67841600000001)
98,271,7f8oLjIM,37.743809999999996,55.802292,0.6459048509134596,41,Москва,8,156.119,8.0,3.0,1.0,POINT (37.74381 55.802292)
99,277,2nZ3pCKA,37.595555,55.647504000000005,-0.30493728166828155,41,Москва,5,1881.206,5.0,1.0,2.0,POINT (37.595555 55.647504)
100,285,aYLir9h9,37.534028,55.693307,-0.7371382510236184,41,Москва,8,,,4.0,0.0,POINT (37.534028 55.693307)
101,287,4sRLEOxj,37.606606,55.763435,-0.045616700055079396,41,Москва,8,335.999,10.0,24.0,13.0,POINT (37.606606 55.763435)
102,290,yLT4AAE2,37.500057,55.697458999999995,-0.5642578632814836,41,Москва,7,156.468,6.0,0.0,3.0,POINT (37.500057 55.69745899999999)
103,292,HWurGKxG,37.174811,55.982678,-0.8667985418302195,41,Москва,20,1286.09,9.0,7.0,4.0,POINT (37.174811 55.982678)
104,293,YhUH0AzP,37.564275,55.48530600000001,-0.9964588326368206,41,Москва,4,427.46400000000006,20.0,0.0,0.0,POINT (37.564275 55.48530600000001)
105,294,8WSj3Gk6,37.664964000000005,55.677589000000005,1.3374264018819988,41,Москва,13,1636.4679999999998,4.0,1.0,2.0,POINT (37.664964 55.677589)
106,296,ULMcd4UD,37.609398,55.724074,-0.32654733013604836,41,Москва,1,2550.961,3.0,9.0,3.0,POINT (37.609398 55.724074)
107,299,OCFXnfRX,37.434961,55.862827,-0.045616700055079396,41,Москва,28,3896.4919999999997,1.0,6.0,0.0,POINT (37.434961 55.862827)
108,301,Uv0PuoVB,37.539124,55.890487,0.4298043662357912,41,Москва,8,260.524,33.0,4.0,2.0,POINT (37.539124 55.890487)
109,309,VPAKzSyv,37.738382,55.621404000000005,-0.13205689392614678,41,Москва,6,2098.507,7.0,3.0,0.0,POINT (37.738382 55.62140400000001)
110,310,agEDsbB4,37.743187,55.650691,-0.52103776634595,41,Москва,9,1350.9940000000001,5.0,12.0,4.0,POINT (37.743187 55.650691)
111,311,1MZSTvdD,37.626744,55.664763,-0.4778176694104163,41,Москва,2,539.471,47.0,3.0,1.0,POINT (37.626744 55.664763)
112,312,tJMGAXxW,37.478967,55.705202,-0.5858679117492506,41,Москва,2,2647.6250000000005,2.0,0.0,0.0,POINT (37.478967 55.705202)
113,313,YFVTWD12,37.799496000000005,55.809774,2.979790085432279,41,Москва,28,2039.0059999999999,5.0,9.0,4.0,POINT (37.799496 55.809774)
114,314,P6UqUJpJ,37.579044,55.569846,0.08404359075152168,41,Москва,11,2456.2509999999997,2.0,9.0,1.0,POINT (37.579044 55.569846)
115,317,i56AVrYY,37.49945,55.820181000000005,1.1213259172043302,41,Москва,12,,,3.0,6.0,POINT (37.49945 55.82018100000001)
116,318,YV1fUOaw,37.588885,55.899252000000004,-0.13205689392614678,41,Москва,20,982.325,23.0,10.0,1.0,POINT (37.588885 55.899252)
117,319,NS2HdU7x,37.566136,55.744381000000004,1.164546014139864,41,Москва,11,368.325,7.0,8.0,6.0,POINT (37.566136 55.744381)
118,320,fPqxIVRl,37.492471,55.603912,0.12726368768705537,41,Москва,8,1808.0839999999998,5.0,0.0,5.0,POINT (37.492471 55.603912)
119,327,DSJ1FKTg,37.486238,55.839484,-0.002396603119545705,41,Москва,9,1618.7540000000001,7.0,7.0,3.0,POINT (37.486238 55.839484)
120,329,ojoSTUzr,37.552933,55.89761,-0.26171718473274785,41,Москва,8,205.649,7.0,4.0,2.0,POINT (37.552933 55.89761)
121,331,k9vFUEKA,37.636654,55.754287,0.3865842693002575,41,Москва,9,,,11.0,5.0,POINT (37.636654 55.754287)
122,333,plCkOHbN,37.199926,56.008615,-0.9100186387657532,41,Москва,6,469.93499999999995,11.0,6.0,2.0,POINT (37.199926 56.008615)
123,336,34hHszrj,37.529346999999994,55.790881999999996,3.1526704731744135,41,Москва,1,,,6.0,7.0,POINT (37.52934699999999 55.790882)
124,337,7hMTdDGt,37.469313,55.66425699999999,-0.6074779602170174,41,Москва,6,246.27599999999998,9.0,6.0,3.0,POINT (37.469313 55.66425699999999)
125,341,AODBmARj,37.660853,55.887902000000004,-0.045616700055079396,41,Москва,27,178.833,24.0,6.0,0.0,POINT (37.660853 55.887902)
126,344,vjPO8Pi1,37.49365,55.792989,-0.7371382510236184,41,Москва,14,119.24600000000001,24.0,3.0,0.0,POINT (37.49365 55.792989)
127,348,te8dMz6Z,37.51644,55.778380000000006,2.007337904382771,41,Москва,9,409.64,13.0,3.0,2.0,POINT (37.51644 55.77838000000001)
128,350,gTgKPP27,37.621543,55.754674,-0.9100186387657532,41,Москва,1,1845.076,8.0,18.0,8.0,POINT (37.621543 55.754674)
129,352,1TMXBgUM,37.606331,55.611794999999994,1.985727855915004,41,Москва,10,,,10.0,6.0,POINT (37.606331 55.61179499999999)
130,354,Hng1ty3A,37.734468,55.709798,0.7755651417200607,41,Москва,10,3179.883,1.0,12.0,1.0,POINT (37.734468 55.709798)
131,355,QaQP4R7f,37.602885,55.596334999999996,-0.30493728166828155,41,Москва,10,211.863,9.0,0.0,0.0,POINT (37.602885 55.596335)
132,356,AGA0LBwJ,37.621947,55.684503,0.06243354228375483,41,Москва,6,1620.565,1.0,4.0,2.0,POINT (37.621947 55.684503)
133,358,e6KI8WVh,37.664147,55.731865,0.25692397849365645,41,Москва,12,187.07599999999996,35.0,7.0,1.0,POINT (37.664147 55.731865)
134,362,H8wtfc6G,37.508715,55.616981,0.12726368768705537,41,Москва,6,752.4239999999999,4.0,7.0,2.0,POINT (37.508715 55.616981)
135,364,Eqhbo1u6,37.527941999999996,55.69219399999999,-0.17527699086168047,41,Москва,1,,,4.0,0.0,POINT (37.527942 55.69219399999999)
136,365,VXCpXVtO,37.732826,55.814578000000004,-0.9964588326368206,41,Москва,4,1873.6949999999997,8.0,3.0,3.0,POINT (37.732826 55.814578)
137,366,ruh50nWT,37.543237,55.547036,-0.30493728166828155,41,Москва,10,1732.4019999999998,4.0,8.0,2.0,POINT (37.543237 55.547036)
138,368,DZnacIGm,37.63531,55.731212,0.17048378462258906,41,Москва,7,,,18.0,1.0,POINT (37.63531 55.731212)
139,369,f9UjG9j3,37.603821999999994,55.865025,-0.21849708779721416,41,Москва,12,,,0.0,3.0,POINT (37.60382199999999 55.865025)
140,375,LLvbayjS,37.576367,55.819033999999995,-0.002396603119545705,41,Москва,6,281.884,11.0,7.0,1.0,POINT (37.576367 55.81903399999999)
141,377,3VbIMBNL,37.75197,55.758818999999995,0.34336417236472383,41,Москва,7,664.4659999999999,3.0,4.0,4.0,POINT (37.75197 55.758819)
142,380,q21AU0gF,37.818283,55.752683,0.9700555779299623,41,Москва,23,458.3,6.0,9.0,2.0,POINT (37.818283 55.752683)
143,381,msf1cbvr,37.749660999999996,55.659647,0.17048378462258906,41,Москва,9,3114.7180000000017,1.0,5.0,6.0,POINT (37.749661 55.659647)
144,390,TvWyQA6I,37.590986,55.736219999999996,1.985727855915004,41,Москва,8,,,4.0,2.0,POINT (37.590986 55.73622)
145,396,owoZjLcJ,37.629579,55.898768000000004,-1.0396789295723543,41,Москва,5,447.19000000000005,6.0,0.0,1.0,POINT (37.629579 55.898768)
146,397,qsQAaylC,37.618947,55.73404,-0.39137747553934893,41,Москва,3,896.1129999999999,6.0,16.0,2.0,POINT (37.618947 55.73404)
147,399,xLWXr3Lf,37.731021000000005,55.729833,0.9484455294621955,41,Москва,3,2823.6639999999998,2.0,3.0,3.0,POINT (37.73102100000001 55.729833)
148,400,W9hpCveX,37.505948,55.675511,-0.4778176694104163,41,Москва,11,4032.525999999999,1.0,6.0,1.0,POINT (37.505948 55.675511)
149,401,ewJhpiY9,37.590618,55.79368100000001,7.215359585114581,41,Москва,8,132.23,7.0,7.0,5.0,POINT (37.590618 55.79368100000001)
150,405,YmlaZQRx,37.531968,55.801912,1.7696273712373356,41,Москва,6,3049.637,1.0,8.0,4.0,POINT (37.531968 55.801912)
151,406,CxcTgNjn,37.660183,55.75524,0.5594646570423922,41,Москва,7,702.196,4.0,16.0,5.0,POINT (37.660183 55.75524)
152,408,ne5FR9fF,37.681473,55.717847,0.9484455294621955,41,Москва,6,339.047,12.0,6.0,2.0,POINT (37.681473 55.717847)
153,410,nkt1PhrL,37.477381,55.85578,0.04082349381598799,41,Москва,22,110.485,9.0,9.0,3.0,POINT (37.477381 55.85578)
154,414,JX7XV6mD,37.743868,55.613216,-0.7803583479591522,41,Москва,17,1459.4319999999998,2.0,6.0,2.0,POINT (37.743868 55.613216)
155,417,PUp3EyzF,37.664266999999995,55.870102,-0.26171718473274785,41,Москва,12,2029.314,1.0,3.0,2.0,POINT (37.664267 55.870102)
156,420,AA8hN7bJ,37.628765,55.740664,0.21370388155812275,41,Москва,3,2183.351,1.0,8.0,1.0,POINT (37.628765 55.740664)
157,421,uNw6t6xk,37.586825,55.794233,-0.002396603119545705,41,Москва,14,391.706,16.0,7.0,7.0,POINT (37.586825 55.794233)
158,422,Ap42ei8k,37.67879,55.772909999999996,-0.9100186387657532,41,Москва,10,,,4.0,4.0,POINT (37.67879 55.77291)
159,423,rn9A8r62,37.75213,55.619640000000004,-0.32654733013604836,41,Москва,3,,,3.0,1.0,POINT (37.75213 55.61964)
160,424,960M6jye,37.70577,55.78295,-1.234169365782256,41,Москва,4,171.99,10.0,12.0,7.0,POINT (37.70577 55.78295)
161,2,ZgodVRqB,39.635721000000004,47.21333,-1.0396789295723543,39,Ростовская область,6,323.008,6.0,0.0,3.0,POINT (39.635721 47.21333)
162,9,CHtHXJLp,39.701709,47.234012,-0.13205689392614678,39,Ростовская область,4,234.532,6.0,9.0,4.0,POINT (39.701709 47.234012)
163,10,sgrEW5hG,39.716986999999996,47.222272,-1.212559317314489,39,Ростовская область,11,348.249,7.0,18.0,10.0,POINT (39.716987 47.222272)
164,25,B8K3Fzd0,39.7046,47.226000000000006,0.08404359075152168,39,Ростовская область,4,411.86599999999993,9.0,20.0,8.0,POINT (39.7046 47.22600000000001)
165,45,7T3FujXu,39.67201,47.211275,0.8187852386555944,39,Ростовская область,4,3393.0050000000015,1.0,2.0,1.0,POINT (39.67201 47.211275)
166,93,49RGSbXb,39.762138,47.232181,0.30014407542919014,39,Ростовская область,4,3604.0559999999996,1.0,4.0,2.0,POINT (39.762138 47.232181)
167,112,GT8iSIX9,39.629515000000005,47.208802,0.30014407542919014,39,Ростовская область,2,480.53999999999996,8.0,0.0,3.0,POINT (39.629515 47.208802)
168,130,ALeY6VVA,39.710881,47.249843,-0.17527699086168047,39,Ростовская область,5,156.545,12.0,2.0,3.0,POINT (39.710881 47.249843)
169,135,A2xt33Am,39.717178000000004,47.281294,-0.6939181540880848,39,Ростовская область,4,1588.3590000000002,5.0,5.0,4.0,POINT (39.717178 47.281294)
170,144,SXJSzE6M,39.690447,47.260108,0.30014407542919014,39,Ростовская область,2,,,2.0,2.0,POINT (39.690447 47.260108)
171,190,uFWtwbd5,39.713683,47.249262,0.30014407542919014,39,Ростовская область,4,864.381,28.0,1.0,4.0,POINT (39.713683 47.249262)
172,210,O1UQUy36,39.713982,47.294783,-0.17527699086168047,39,Ростовская область,4,2914.2499999999986,2.0,4.0,5.0,POINT (39.713982 47.294783)
173,231,1qYX1KZb,39.710018,47.220296999999995,-1.0396789295723543,39,Ростовская область,14,383.58799999999997,5.0,18.0,8.0,POINT (39.710018 47.220297)
174,246,p4OinUCs,39.690907,47.218739,-0.9532387357012869,39,Ростовская область,16,290.20300000000003,6.0,1.0,0.0,POINT (39.690907 47.218739)
175,283,9hCdPw1R,39.610521000000006,47.230596000000006,-0.30493728166828155,39,Ростовская область,7,2920.955,2.0,5.0,5.0,POINT (39.61052100000001 47.23059600000001)
176,289,PIdoZHEy,39.764188,47.242109,-0.34815737860381524,39,Ростовская область,5,159.302,25.0,1.0,1.0,POINT (39.764188 47.242109)
177,302,lvkMDIOb,39.628532,47.229281,0.08404359075152168,39,Ростовская область,4,,,1.0,3.0,POINT (39.628532 47.229281)
178,342,lFH5jSIm,39.830557,47.238839,1.7480173227695688,39,Ростовская область,2,3871.591000000001,1.0,0.0,2.0,POINT (39.830557 47.238839)
179,347,mU5wwKjd,39.765401000000004,47.254866,-1.1693392203789554,39,Ростовская область,7,3144.9239999999995,1.0,0.0,1.0,POINT (39.765401 47.254866)
180,378,YQ7ziyzt,39.715453000000004,47.282521,-0.4345975724748826,39,Ростовская область,6,120.661,7.0,5.0,4.0,POINT (39.715453 47.282521)
181,383,zaG5km8I,39.756130999999996,47.282688,-0.045616700055079396,39,Ростовская область,4,718.846,7.0,0.0,1.0,POINT (39.756131 47.282688)
182,5,ci9r9Fr2,92.926002,56.06590799999999,-0.21849708779721416,68,Красноярский край,8,98.848,6.0,0.0,1.0,POINT (92.926002 56.06590799999999)
183,8,GU0QclY1,92.903162,56.050290000000004,-0.30493728166828155,68,Красноярский край,3,1379.108,1.0,1.0,7.0,POINT (92.90316199999999 56.05029)
184,18,ejjC2aU3,92.974951,56.014022,-0.4345975724748826,68,Красноярский край,5,1291.4240000000002,3.0,0.0,1.0,POINT (92.974951 56.014022)
185,24,Fcqb4WDt,92.931228,56.004484,-0.17527699086168047,68,Красноярский край,2,,,0.0,2.0,POINT (92.931228 56.004484)
186,68,NTjDKBtL,92.865583,56.009935999999996,-0.30493728166828155,68,Красноярский край,3,99.681,9.0,1.0,2.0,POINT (92.865583 56.009936)
187,82,2cU1Z8KM,92.798215,56.02265,-0.4345975724748826,68,Красноярский край,4,296.845,49.0,0.0,4.0,POINT (92.798215 56.02265)
188,107,9RIuAGT0,92.973036,56.053321999999994,0.7755651417200607,68,Красноярский край,3,,,0.0,0.0,POINT (92.97303599999999 56.05332199999999)
189,154,NF33CYqv,92.855412,56.014191000000004,-0.8667985418302195,68,Красноярский край,2,960.663,6.0,2.0,3.0,POINT (92.855412 56.014191)
190,159,HccXdHMK,92.907574,56.032916,0.17048378462258906,68,Красноярский край,2,2958.0769999999993,1.0,1.0,2.0,POINT (92.907574 56.032916)
191,165,y7s9SVJ9,92.904517,56.051203,-0.650698057152551,68,Красноярский край,4,141.326,9.0,1.0,7.0,POINT (92.904517 56.051203)
192,170,P9mGf44m,92.913763,56.042136,-0.34815737860381524,68,Красноярский край,5,201.139,10.0,1.0,4.0,POINT (92.913763 56.042136)
193,184,y5XqCNW4,92.854072,55.977807999999996,-0.17527699086168047,68,Красноярский край,1,33.156000000000006,4.0,1.0,1.0,POINT (92.854072 55.977808)
194,195,9vpi0zuV,93.023803,55.997114,-0.4778176694104163,68,Красноярский край,0,282.38300000000004,9.0,0.0,1.0,POINT (93.023803 55.997114)
195,220,jg4KN4rk,92.886411,55.986692000000005,0.30014407542919014,68,Красноярский край,2,4986.486999999997,1.0,2.0,1.0,POINT (92.886411 55.98669200000001)
196,244,h6qIFhXA,93.010041,56.020784,0.9052254325266618,68,Красноярский край,4,3178.4529999999995,1.0,1.0,3.0,POINT (93.010041 56.020784)
197,260,5z5VpTGn,92.881905,56.03873299999999,-0.8235784448946858,68,Красноярский край,2,,,0.0,3.0,POINT (92.881905 56.03873299999999)
198,264,fP7JB9Qs,92.877984,56.011430000000004,-0.9100186387657532,68,Красноярский край,5,254.997,2.0,1.0,1.0,POINT (92.877984 56.01143)
199,281,59rpwZBk,92.8844,56.0343,-1.2557794142500227,68,Красноярский край,4,2398.72,2.0,0.0,1.0,POINT (92.8844 56.0343)
200,322,bwmFXfeI,92.813971,56.014036,-0.13205689392614678,68,Красноярский край,4,395.656,9.0,0.0,3.0,POINT (92.813971 56.014036)
201,371,6HXoX1HZ,92.949832,56.04668,-0.9532387357012869,68,Красноярский край,2,,,0.0,1.0,POINT (92.949832 56.04668)
202,6,O3tOF6uE,30.4685,59.9214,-1.0396789295723543,44,Санкт-Петербург,5,12.865,10.0,8.0,3.0,POINT (30.4685 59.9214)
203,20,wQOQvE03,30.579832,59.735526,-1.1261191234434216,44,Санкт-Петербург,4,4422.42,2.0,2.0,2.0,POINT (30.579832 59.735526)
204,22,8GOlibor,30.348665000000004,59.832466000000004,0.732345044784527,44,Санкт-Петербург,6,4413.333,1.0,3.0,6.0,POINT (30.348665 59.832466)
205,42,UcFkrzvk,30.505551,59.831962,-0.30493728166828155,44,Санкт-Петербург,5,970.5869999999999,19.0,1.0,2.0,POINT (30.505551 59.831962)
206,43,cpG56rus,30.47281,59.91627,-1.0396789295723543,44,Санкт-Петербург,3,1070.261,6.0,9.0,3.0,POINT (30.47281 59.91627)
207,49,4kXXpr1r,30.08969,59.738702,-0.9532387357012869,44,Санкт-Петербург,3,275.488,10.0,4.0,1.0,POINT (30.08969 59.738702)
208,53,9p3J8gPd,30.143909999999998,59.849135,-1.212559317314489,44,Санкт-Петербург,5,1224.799,1.0,4.0,3.0,POINT (30.14391 59.849135)
209,57,mIGlDDq2,30.415815000000002,59.953669,-0.7371382510236184,44,Санкт-Петербург,6,620.13,23.0,0.0,0.0,POINT (30.415815 59.953669)
210,64,QUpF6MWF,30.481682,59.907081999999996,0.6459048509134596,44,Санкт-Петербург,6,,,14.0,1.0,POINT (30.481682 59.907082)
211,70,cTNjjItI,29.957915999999997,60.093366,0.7755651417200607,44,Санкт-Петербург,4,335.35299999999995,7.0,5.0,0.0,POINT (29.957916 60.093366)
212,71,BSuZvUqW,30.348815999999996,59.915002,0.8187852386555944,44,Санкт-Петербург,6,963.085,7.0,9.0,10.0,POINT (30.348816 59.915002)
213,75,v46TS3KT,30.309721999999997,59.966483999999994,1.1213259172043302,44,Санкт-Петербург,13,2689.2289999999985,1.0,11.0,11.0,POINT (30.309722 59.96648399999999)
214,78,X7Sv7X4f,29.894139000000003,59.881795,0.6891249478489934,44,Санкт-Петербург,5,1355.826,1.0,1.0,1.0,POINT (29.894139 59.881795)
215,84,ibdAzVc5,30.387133000000002,59.849019999999996,-0.34815737860381524,44,Санкт-Петербург,4,311.33099999999996,6.0,7.0,3.0,POINT (30.387133 59.84902)
216,96,QX4SAYI9,30.247937,59.858688,-1.234169365782256,44,Санкт-Петербург,3,133.65699999999998,5.0,7.0,3.0,POINT (30.247937 59.858688)
217,98,vC4Bp1jb,30.261134000000002,59.86786800000001,-0.6074779602170174,44,Санкт-Петербург,10,1449.235,2.0,7.0,1.0,POINT (30.261134 59.86786800000001)
218,101,xyt6yjVS,30.321087,60.01664,-0.8667985418302195,44,Санкт-Петербург,5,,,15.0,1.0,POINT (30.321087 60.01664)
219,104,CyYLUxCj,30.298369,59.906746999999996,-0.7803583479591522,44,Санкт-Петербург,4,3384.4640000000004,1.0,7.0,4.0,POINT (30.298369 59.906747)
220,109,UvSdh5eX,30.354623999999998,59.852171999999996,-0.34815737860381524,44,Санкт-Петербург,5,1504.5520000000001,4.0,6.0,6.0,POINT (30.354624 59.852172)
221,113,WOc5pt6d,30.244120000000002,60.022004,0.06243354228375483,44,Санкт-Петербург,2,309.931,2.0,3.0,1.0,POINT (30.24412 60.022004)
222,116,xG1TJsxS,30.349039,59.942578000000005,0.12726368768705537,44,Санкт-Петербург,5,232.567,6.0,15.0,8.0,POINT (30.349039 59.942578)
223,120,PlRVd2q7,30.349681,59.832908999999994,-1.1693392203789554,44,Санкт-Петербург,6,1205.807,8.0,3.0,6.0,POINT (30.349681 59.83290899999999)
224,124,gJTsNAnJ,30.379346,59.870262,-1.0396789295723543,44,Санкт-Петербург,8,172.337,4.0,4.0,2.0,POINT (30.379346 59.870262)
225,126,jHHBbyj3,30.320997,59.92681999999999,-0.30493728166828155,44,Санкт-Петербург,11,661.828,18.0,44.0,21.0,POINT (30.320997 59.92681999999999)
226,131,2CRYkkg6,30.315541999999997,60.016895999999996,-0.5642578632814836,44,Санкт-Петербург,5,1297.6120000000003,7.0,15.0,1.0,POINT (30.315542 60.016896)
227,143,mj6Q5LGP,30.145125,59.835831000000006,-0.39137747553934893,44,Санкт-Петербург,4,272.994,56.0,1.0,1.0,POINT (30.145125 59.83583100000001)
228,145,NlhU5eaH,30.322345000000002,59.848552000000005,0.25692397849365645,44,Санкт-Петербург,10,181.01000000000002,44.0,8.0,4.0,POINT (30.322345 59.84855200000001)
229,146,5LuJwOiM,30.400447999999997,60.010906000000006,-0.26171718473274785,44,Санкт-Петербург,8,2324.852,6.0,14.0,6.0,POINT (30.400448 60.01090600000001)
230,152,w8zOhAG6,30.410413000000002,59.928543000000005,-0.8235784448946858,44,Санкт-Петербург,9,343.062,26.0,5.0,0.0,POINT (30.410413 59.928543)
231,161,xiF41hyd,30.256958,59.989943999999994,0.4730244631713249,44,Санкт-Петербург,9,1771.024,3.0,2.0,3.0,POINT (30.256958 59.98994399999999)
232,163,hufqRDv4,30.395038,60.013018,0.30014407542919014,44,Санкт-Петербург,8,1410.8880000000001,2.0,14.0,6.0,POINT (30.395038 60.013018)
233,164,V0ApRZJb,30.296671999999997,60.003612,1.3806464988175324,44,Санкт-Петербург,3,5122.657999999999,2.0,14.0,9.0,POINT (30.296672 60.003612)
234,167,TgeoTj5W,30.437617,59.933032,-0.17527699086168047,44,Санкт-Петербург,8,333.70000000000005,4.0,1.0,4.0,POINT (30.437617 59.933032)
235,176,LxMbcr8a,30.317728999999996,59.915881000000006,0.4298043662357912,44,Санкт-Петербург,10,1672.9189999999999,3.0,11.0,10.0,POINT (30.317729 59.91588100000001)
236,182,uewNqxcJ,30.482577000000003,59.908258,-1.1693392203789554,44,Санкт-Петербург,6,474.26,7.0,16.0,1.0,POINT (30.482577 59.908258)
237,183,rkhUhnnc,30.622015,59.73877099999999,-0.650698057152551,44,Санкт-Петербург,4,140.22899999999998,33.0,1.0,3.0,POINT (30.622015 59.73877099999999)
238,194,hHKAMvaG,30.369312,60.008665,-0.26171718473274785,44,Санкт-Петербург,3,978.707,15.0,4.0,0.0,POINT (30.369312 60.008665)
239,200,4nCrGS4K,30.443872999999996,59.87619300000001,-0.08883679699061309,44,Санкт-Петербург,7,253.284,16.0,5.0,5.0,POINT (30.443873 59.87619300000001)
240,202,Ha4y1r9O,30.355110999999997,59.957184999999996,-0.002396603119545705,44,Санкт-Петербург,10,377.35999999999996,8.0,6.0,2.0,POINT (30.355111 59.957185)
241,207,3JMyNJ5Q,30.297659000000003,59.986416000000006,-0.30493728166828155,44,Санкт-Петербург,8,689.2860000000001,10.0,5.0,2.0,POINT (30.297659 59.98641600000001)
242,208,DvEZb53r,30.610533,59.74071,-1.212559317314489,44,Санкт-Петербург,5,920.6259999999999,7.0,1.0,2.0,POINT (30.610533 59.74071)
243,229,i8jX5UZv,30.474390000000003,59.94595,-0.650698057152551,44,Санкт-Петербург,8,1367.9930000000002,9.0,10.0,7.0,POINT (30.47439 59.94595)
244,230,Fl0Opd5w,30.326728999999997,59.934582999999996,0.17048378462258906,44,Санкт-Петербург,9,,,44.0,17.0,POINT (30.326729 59.934583)
245,239,LyuFHuZx,30.384063,59.924416,-1.0396789295723543,44,Санкт-Петербург,12,,,7.0,1.0,POINT (30.384063 59.924416)
246,249,8Kw8gqVd,30.359883,59.930514,2.417928825270341,44,Санкт-Петербург,9,90.708,2.0,40.0,16.0,POINT (30.359883 59.930514)
247,258,4PiWRiJr,30.193401,59.852886,-0.650698057152551,44,Санкт-Петербург,6,289.262,35.0,4.0,3.0,POINT (30.193401 59.852886)
248,262,OrzylnCV,30.319964000000002,59.86660799999999,-1.0396789295723543,44,Санкт-Петербург,4,4546.458,1.0,5.0,1.0,POINT (30.319964 59.86660799999999)
249,270,esn300Zl,30.470336,59.865058999999995,-0.39137747553934893,44,Санкт-Петербург,5,77.529,25.0,1.0,0.0,POINT (30.470336 59.865059)
250,275,v6Oi0Qqv,30.377473,59.829918000000006,0.4730244631713249,44,Санкт-Петербург,6,166.982,4.0,8.0,8.0,POINT (30.377473 59.82991800000001)
251,276,JdwLeH2P,30.410802,59.928986,-0.9532387357012869,44,Санкт-Петербург,9,461.468,4.0,5.0,0.0,POINT (30.410802 59.928986)
252,279,8KhPM0ol,30.234364000000003,59.949177,-1.2557794142500227,44,Санкт-Петербург,10,,,2.0,3.0,POINT (30.234364 59.949177)
253,280,Im4dPNQA,30.318236,59.819869999999995,-0.9532387357012869,44,Санкт-Петербург,1,158.32,9.0,1.0,6.0,POINT (30.318236 59.81986999999999)
254,284,rWEmMwxi,30.439315,59.932347,-0.4778176694104163,44,Санкт-Петербург,7,,,1.0,4.0,POINT (30.439315 59.932347)
255,298,26faxJy5,30.330016999999998,60.053615,-0.5642578632814836,44,Санкт-Петербург,7,,,25.0,7.0,POINT (30.330017 60.053615)
256,304,5xgQDtpq,30.317177,59.925389,-0.39137747553934893,44,Санкт-Петербург,7,312.19599999999997,15.0,40.0,20.0,POINT (30.317177 59.925389)
257,305,2TAJRlVf,30.323314,60.036664,0.34336417236472383,44,Санкт-Петербург,10,1528.354,8.0,7.0,4.0,POINT (30.323314 60.036664)
258,306,GiIKvJL5,30.273976,59.900057999999994,-0.17527699086168047,44,Санкт-Петербург,6,,,5.0,2.0,POINT (30.273976 59.90005799999999)
259,307,kMEH7s7T,30.354079,59.987141,-0.13205689392614678,44,Санкт-Петербург,4,,,8.0,4.0,POINT (30.354079 59.987141)
260,321,nXLHbL6J,30.335177,60.058778000000004,-0.39137747553934893,44,Санкт-Петербург,3,,,28.0,8.0,POINT (30.335177 60.058778)
261,323,P3zwA2PW,30.251162,59.842341000000005,-0.9532387357012869,44,Санкт-Петербург,6,103.99,13.0,5.0,3.0,POINT (30.251162 59.842341)
262,324,NbjUjYPI,30.347252,59.92864,-0.21849708779721416,44,Санкт-Петербург,4,374.26800000000003,11.0,43.0,20.0,POINT (30.347252 59.92864)
263,326,PPRBBVMW,30.205797999999998,59.990781999999996,-1.1693392203789554,44,Санкт-Петербург,5,391.62,8.0,8.0,6.0,POINT (30.205798 59.990782)
264,330,nIzdgNPW,30.323306,59.929001,-0.045616700055079396,44,Санкт-Петербург,9,2523.018,1.0,48.0,21.0,POINT (30.323306 59.929001)
265,332,avEOHzEY,30.427870000000002,59.721488,0.12726368768705537,44,Санкт-Петербург,11,170.103,6.0,2.0,0.0,POINT (30.42787 59.721488)
266,340,IdMzYW0W,29.76554,59.997719999999994,0.9484455294621955,44,Санкт-Петербург,7,63.964,20.0,6.0,1.0,POINT (29.76554 59.99771999999999)
267,346,2kUlAO0h,30.582934,59.740388,-1.0396789295723543,44,Санкт-Петербург,7,253.01999999999998,4.0,2.0,2.0,POINT (30.582934 59.740388)
268,351,ZyyHiNqb,30.3984,59.828011,-0.8235784448946858,44,Санкт-Петербург,2,127.404,9.0,7.0,3.0,POINT (30.3984 59.828011)
269,357,gQlNWXf4,30.446878,59.912914,-0.52103776634595,44,Санкт-Петербург,3,707.469,4.0,0.0,7.0,POINT (30.446878 59.912914)
270,367,fbHwWPwP,30.377937,59.82918000000001,-0.5858679117492506,44,Санкт-Петербург,6,240.31199999999998,5.0,8.0,8.0,POINT (30.377937 59.82918000000001)
271,370,QapR03Z6,30.247469,59.843173,-0.7803583479591522,44,Санкт-Петербург,7,159.39,10.0,6.0,3.0,POINT (30.247469 59.843173)
272,374,oWYaT4dK,30.320873,59.87869,0.04082349381598799,44,Санкт-Петербург,9,,,5.0,2.0,POINT (30.320873 59.87869)
273,385,6pVArqoM,29.777139000000002,59.909612,-1.212559317314489,44,Санкт-Петербург,6,2609.0899999999997,1.0,8.0,2.0,POINT (29.777139 59.909612)
274,386,Y5ARpcKu,30.162239000000003,59.807007999999996,-1.1693392203789554,44,Санкт-Петербург,2,,,0.0,0.0,POINT (30.162239 59.807008)
275,388,zzmWckqN,30.314963,60.047136,-0.9532387357012869,44,Санкт-Петербург,6,161.136,9.0,11.0,3.0,POINT (30.314963 60.047136)
276,391,wCIpiNOn,30.392071,59.858334,0.4730244631713249,44,Санкт-Петербург,5,366.995,12.0,4.0,5.0,POINT (30.392071 59.858334)
277,393,WC4LMU6t,30.414226,59.95951899999999,-0.650698057152551,44,Санкт-Петербург,5,640.7760000000001,8.0,0.0,0.0,POINT (30.414226 59.95951899999999)
278,394,GVLixe1p,30.370209999999997,59.883,-0.17527699086168047,44,Санкт-Петербург,4,3307.9809999999993,2.0,2.0,5.0,POINT (30.37021 59.883)
279,407,3HhvDYQp,30.268333000000002,59.850761999999996,-0.30493728166828155,44,Санкт-Петербург,5,294.415,3.0,11.0,7.0,POINT (30.268333 59.850762)
280,409,psQh5f3D,30.260932,59.867776,-0.39137747553934893,44,Санкт-Петербург,10,2799.3489999999997,4.0,7.0,1.0,POINT (30.260932 59.867776)
281,411,akTbRDfA,30.355126000000002,59.921133999999995,-0.26171718473274785,44,Санкт-Петербург,3,5152.677000000001,1.0,30.0,16.0,POINT (30.355126 59.921134)
282,412,tLinWS5n,30.391599,59.833301,-0.9100186387657532,44,Санкт-Петербург,3,,,11.0,7.0,POINT (30.391599 59.833301)
283,413,wG77qDMd,30.204863,59.83404,-0.26171718473274785,44,Санкт-Петербург,3,4357.684999999999,2.0,5.0,1.0,POINT (30.204863 59.83404)
284,419,YdPYoxfU,30.362054999999998,59.931738,-0.7803583479591522,44,Санкт-Петербург,6,226.139,7.0,37.0,16.0,POINT (30.362055 59.931738)
285,12,1ZvdVY5t,55.993548,54.713414,-0.34815737860381524,60,Республика Башкортостан,5,572.007,8.0,0.0,7.0,POINT (55.993548 54.713414)
286,58,nh41SLK0,56.111306000000006,54.80681800000001,0.8620053355911281,60,Республика Башкортостан,5,1455.8340000000003,1.0,4.0,2.0,POINT (56.11130600000001 54.80681800000001)
287,63,jvXZ5BfY,56.080169999999995,54.772889,-0.4778176694104163,60,Республика Башкортостан,5,255.11800000000005,50.0,0.0,1.0,POINT (56.08017 54.772889)
288,94,kcPx2crY,56.075499,54.817080000000004,-1.212559317314489,60,Республика Башкортостан,4,1733.6209999999996,4.0,1.0,1.0,POINT (56.075499 54.81708)
289,115,eAjJXePD,55.881094999999995,54.790183999999996,0.8620053355911281,60,Республика Башкортостан,4,741.206,4.0,0.0,1.0,POINT (55.88109499999999 54.790184)
290,155,nFBsJ5k3,55.958351,54.736872,-0.34815737860381524,60,Республика Башкортостан,5,105.63,5.0,10.0,6.0,POINT (55.958351 54.736872)
291,179,bwIuFswf,55.947782999999994,54.725857,-0.52103776634595,60,Республика Башкортостан,7,1286.3699999999992,4.0,6.0,5.0,POINT (55.94778299999999 54.725857)
292,201,TPU9VeHE,56.05836899999999,54.771232999999995,-1.363829656588857,60,Республика Башкортостан,4,423.604,2.0,0.0,4.0,POINT (56.05836899999999 54.771233)
293,203,iL9SqqPf,56.123864000000005,54.779754000000004,-0.7803583479591522,60,Республика Башкортостан,4,3513.1259999999997,2.0,0.0,2.0,POINT (56.123864 54.779754)
294,218,cj6KcHW8,55.99405600000001,54.697990000000004,-0.002396603119545705,60,Республика Башкортостан,5,105.327,6.0,1.0,3.0,POINT (55.99405600000001 54.69799)
295,219,x5YyYuwn,55.98732,54.741197,-0.650698057152551,60,Республика Башкортостан,3,1689.8419999999999,1.0,6.0,8.0,POINT (55.98732 54.741197)
296,233,9IcvdlDF,56.131626000000004,54.784093999999996,-1.4286598019921575,60,Республика Башкортостан,6,661.37,31.0,0.0,2.0,POINT (56.131626 54.784094)
297,245,zrqrRf0q,55.986665,54.718073,-0.650698057152551,60,Республика Башкортостан,5,421.68500000000006,11.0,0.0,5.0,POINT (55.986665 54.718073)
298,252,mn6nMLpV,56.03576999999999,54.757093999999995,-0.7371382510236184,60,Республика Башкортостан,3,684.6659999999999,6.0,2.0,6.0,POINT (56.03576999999999 54.757094)
299,255,ySZshzYS,55.999586,54.749739,0.9484455294621955,60,Республика Башкортостан,2,263.901,5.0,7.0,8.0,POINT (55.999586 54.749739)
300,259,m41j6rrW,56.010003000000005,54.759041,-0.26171718473274785,60,Республика Башкортостан,4,1598.2510000000002,6.0,7.0,4.0,POINT (56.010003 54.759041)
301,308,5e7r5h7s,55.931315000000005,54.674806000000004,-0.21849708779721416,60,Республика Башкортостан,2,1908.5190000000002,4.0,1.0,5.0,POINT (55.931315 54.674806)
302,379,6FdFnHvc,56.034734,54.789618000000004,0.12726368768705537,60,Республика Башкортостан,2,3777.1599999999994,2.0,0.0,1.0,POINT (56.034734 54.789618)
303,392,f0dnYtDK,56.083769,54.821121999999995,-0.5642578632814836,60,Республика Башкортостан,3,425.16900000000004,5.0,1.0,1.0,POINT (56.083769 54.821122)
304,13,zRh8HUje,49.118586,55.829578000000005,0.04082349381598799,49,Республика Татарстан (Татарстан),2,90.67699999999999,25.0,4.0,5.0,POINT (49.118586 55.82957800000001)
305,59,GLpUl6ku,49.219566,55.745681000000005,-0.08883679699061309,49,Республика Татарстан (Татарстан),4,256.509,8.0,4.0,3.0,POINT (49.219566 55.745681)
306,65,ZDyDKUmb,49.112998,55.779996,0.6459048509134596,49,Республика Татарстан (Татарстан),11,38.093,14.0,7.0,6.0,POINT (49.112998 55.779996)
307,66,4LvQzaA9,49.056271,55.819044999999996,0.1920938330903559,49,Республика Татарстан (Татарстан),2,562.159,9.0,3.0,1.0,POINT (49.056271 55.819045)
308,69,3bqwQXqD,49.09329,55.821254,0.12726368768705537,49,Республика Татарстан (Татарстан),5,,,11.0,10.0,POINT (49.09329 55.821254)
309,88,aWMomlO7,49.118586,55.829578000000005,0.34336417236472383,49,Республика Татарстан (Татарстан),2,509.42600000000004,7.0,4.0,5.0,POINT (49.118586 55.82957800000001)
310,90,ny5swWUO,49.186229,55.803373,-0.4345975724748826,49,Республика Татарстан (Татарстан),6,205.34300000000002,7.0,5.0,1.0,POINT (49.186229 55.803373)
311,92,Tw1Svbiw,49.080358000000004,55.834436,-0.08883679699061309,49,Республика Татарстан (Татарстан),5,1359.73,8.0,11.0,4.0,POINT (49.080358 55.834436)
312,114,nGW7MYJ2,49.14667,55.82634,-0.34815737860381524,49,Республика Татарстан (Татарстан),4,2315.9850000000006,10.0,1.0,7.0,POINT (49.14667 55.82634)
313,121,K3gR6qAk,49.233274,55.763478000000006,-1.082899026507888,49,Республика Татарстан (Татарстан),3,141.16899999999998,4.0,5.0,3.0,POINT (49.233274 55.76347800000001)
314,137,qbrgrMBr,49.149344,55.784486,-1.1261191234434216,49,Республика Татарстан (Татарстан),2,145.48499999999999,8.0,7.0,1.0,POINT (49.149344 55.784486)
315,148,Zg57ss59,49.192958000000004,55.744566000000006,-0.5642578632814836,49,Республика Татарстан (Татарстан),3,3072.1070000000004,2.0,1.0,5.0,POINT (49.192958 55.74456600000001)
316,150,y3wFGx0E,49.093419,55.821845999999994,-0.650698057152551,49,Республика Татарстан (Татарстан),5,1013.4480000000001,5.0,11.0,10.0,POINT (49.093419 55.82184599999999)
317,175,YscCLNMq,49.187244,55.753468000000005,-0.002396603119545705,49,Республика Татарстан (Татарстан),3,301.868,9.0,4.0,4.0,POINT (49.187244 55.75346800000001)
318,185,ZopCnYnF,49.231840999999996,55.755079,0.8187852386555944,49,Республика Татарстан (Татарстан),3,332.9340000000001,4.0,1.0,4.0,POINT (49.231841 55.755079)
319,196,A4nv1Vap,49.100728000000004,55.860342,0.21370388155812275,49,Республика Татарстан (Татарстан),5,6.756,33.0,9.0,0.0,POINT (49.100728 55.860342)
320,217,3mtxtQsE,49.179869000000004,55.766358999999994,-0.8235784448946858,49,Республика Татарстан (Татарстан),4,3033.216999999999,2.0,3.0,2.0,POINT (49.179869 55.76635899999999)
321,254,MJFHjv6Q,49.019816,55.867687,0.17048378462258906,49,Республика Татарстан (Татарстан),4,1304.291,6.0,2.0,0.0,POINT (49.019816 55.867687)
322,295,FMPuwbsj,49.080847999999996,55.82885,-1.2989995111855563,49,Республика Татарстан (Татарстан),5,2807.778,2.0,14.0,7.0,POINT (49.080848 55.82885)
323,338,6baGVy1n,49.109605,55.786663,0.34336417236472383,49,Республика Татарстан (Татарстан),8,47.903999999999996,5.0,10.0,6.0,POINT (49.109605 55.786663)
324,345,Wf730kFc,49.081689000000004,55.828543,-0.34815737860381524,49,Республика Татарстан (Татарстан),5,279.08199999999994,26.0,15.0,7.0,POINT (49.081689 55.828543)
325,349,F9XOYlnb,49.212676,55.780841,-0.8235784448946858,49,Республика Татарстан (Татарстан),2,352.209,3.0,2.0,5.0,POINT (49.212676 55.780841)
326,359,AvrNG4Gf,49.184999,55.805234999999996,-0.6074779602170174,49,Республика Татарстан (Татарстан),4,603.7549999999999,3.0,5.0,1.0,POINT (49.184999 55.805235)
327,363,oeiKBQIm,49.185044,55.76481999999999,-0.9100186387657532,49,Республика Татарстан (Татарстан),3,99.533,8.0,3.0,2.0,POINT (49.185044 55.76481999999999)
328,382,oEOiQlpv,49.21689,55.76954,0.602684753977926,49,Республика Татарстан (Татарстан),4,491.297,12.0,4.0,3.0,POINT (49.21689 55.76954)
329,16,9BqGtCOu,60.616914,56.848247,-0.17527699086168047,71,Свердловская область,2,1311.7669999999998,3.0,5.0,6.0,POINT (60.616914 56.848247)
330,47,I0hubgK0,60.556456999999995,56.806185,-0.6939181540880848,71,Свердловская область,4,309.26300000000003,25.0,0.0,0.0,POINT (60.55645699999999 56.806185)
331,61,6DLyJRJT,60.595022,56.834796,-1.1261191234434216,71,Свердловская область,8,308.844,61.0,9.0,24.0,POINT (60.595022 56.834796)
332,80,2UlFF5pG,60.61326700000001,56.899749,-0.6939181540880848,71,Свердловская область,6,269.57899999999995,2.0,11.0,8.0,POINT (60.61326700000001 56.899749)
333,83,AnEwYKsf,60.636812,56.838125,-0.6939181540880848,71,Свердловская область,5,725.9269999999999,1.0,8.0,6.0,POINT (60.636812 56.838125)
334,85,CCoMeGSq,60.56259300000001,56.816823,-0.39137747553934893,71,Свердловская область,4,3324.027,1.0,3.0,3.0,POINT (60.56259300000001 56.816823)
335,123,Z3zfHcbJ,60.505568999999994,56.823455,-0.6074779602170174,71,Свердловская область,3,,,1.0,6.0,POINT (60.50556899999999 56.823455)
336,173,ib3vdw9y,60.611964,56.807141,1.4670866926885997,71,Свердловская область,6,1033.617,16.0,1.0,2.0,POINT (60.611964 56.807141)
337,174,PSh4SCru,60.605429,56.857018999999994,-0.6939181540880848,71,Свердловская область,8,1504.4010000000003,6.0,4.0,3.0,POINT (60.605429 56.85701899999999)
338,188,J4kyyZ66,60.701356000000004,56.754564,-0.9100186387657532,71,Свердловская область,3,1038.7730000000001,2.0,0.0,0.0,POINT (60.701356 56.754564)
339,199,Z3IaIqhp,60.613168,56.769296,0.04082349381598799,71,Свердловская область,2,2152.692,5.0,0.0,0.0,POINT (60.613168 56.769296)
340,223,o4icTq9v,60.600816,56.904251,-0.6939181540880848,71,Свердловская область,5,,,11.0,8.0,POINT (60.600816 56.904251)
341,235,pmpDwkBu,60.64901999999999,56.788548999999996,-1.3422196081210902,71,Свердловская область,2,165.33100000000002,3.0,0.0,1.0,POINT (60.64901999999999 56.788549)
342,251,HmjxRHVs,60.62619399999999,56.79685500000001,-0.39137747553934893,71,Свердловская область,3,1900.7849999999999,1.0,5.0,3.0,POINT (60.62619399999999 56.79685500000001)
343,303,HdHd7sSJ,60.598983999999994,56.829097999999995,-0.9532387357012869,71,Свердловская область,4,1257.797,8.0,7.0,18.0,POINT (60.59898399999999 56.82909799999999)
344,315,sniqNObc,60.549152,56.853301,0.30014407542919014,71,Свердловская область,3,67.208,12.0,2.0,5.0,POINT (60.549152 56.853301)
345,335,wlzvYVvr,60.545255000000004,56.830029,-0.045616700055079396,71,Свердловская область,5,1719.1639999999998,1.0,7.0,8.0,POINT (60.545255 56.830029)
346,353,uZS0s98V,60.519689,56.79343000000001,1.164546014139864,71,Свердловская область,6,2823.907999999999,1.0,4.0,4.0,POINT (60.519689 56.79343000000001)
347,398,bWXM7Z4I,60.65333100000001,56.856609999999996,-0.6939181540880848,71,Свердловская область,3,174.733,4.0,3.0,4.0,POINT (60.65333100000001 56.85661)
348,402,xsb5xUU4,60.537870999999996,56.816863,-0.002396603119545705,71,Свердловская область,5,511.3779999999999,16.0,0.0,4.0,POINT (60.537871 56.816863)
349,403,YD1XoHg9,60.5324,56.86539200000001,-0.4778176694104163,71,Свердловская область,4,4064.087,2.0,0.0,1.0,POINT (60.5324 56.86539200000001)
350,415,jf7hZLjk,60.554713,56.869248999999996,-0.6074779602170174,71,Свердловская область,3,311.213,64.0,0.0,1.0,POINT (60.554713 56.869249)
351,17,53eoFG4u,43.863684,56.228005,0.6459048509134596,61,Нижегородская область,4,1467.4290000000005,8.0,0.0,2.0,POINT (43.863684 56.228005)
352,40,hmgU8ZxH,44.006516,56.326797,-0.52103776634595,61,Нижегородская область,7,178.90800000000002,6.0,2.0,1.0,POINT (44.006516 56.326797)
353,46,tlkZpouQ,43.948288,56.321865,-0.13205689392614678,61,Нижегородская область,8,,,2.0,3.0,POINT (43.948288 56.321865)
354,105,Bq2RhWh4,43.866774,56.348392000000004,-0.6074779602170174,61,Нижегородская область,8,621.819,13.0,1.0,7.0,POINT (43.866774 56.348392)
355,132,ujHS8P2G,43.821958,56.365497999999995,-0.650698057152551,61,Нижегородская область,4,235.14900000000003,7.0,0.0,2.0,POINT (43.821958 56.365498)
356,156,vohBRdK6,44.027034,56.319444,-0.8235784448946858,61,Нижегородская область,7,689.2860000000001,10.0,3.0,1.0,POINT (44.027034 56.319444)
357,162,t0UxAofh,43.92821,56.28733199999999,-0.002396603119545705,61,Нижегородская область,5,1642.2939999999996,7.0,0.0,4.0,POINT (43.92821 56.28733199999999)
358,172,AG9avE8M,43.951477000000004,56.235105000000004,-0.34815737860381524,61,Нижегородская область,4,125.708,36.0,0.0,3.0,POINT (43.951477 56.235105)
359,177,P96LMIRr,44.076675,56.306447999999996,-0.34815737860381524,61,Нижегородская область,2,933.2269999999999,2.0,2.0,5.0,POINT (44.076675 56.306448)
360,189,6oJCNSPc,43.956056,56.338797,-0.19688703932944732,61,Нижегородская область,3,529.338,6.0,0.0,3.0,POINT (43.956056 56.338797)
361,248,HtGYnJHb,44.042485,56.296299,-0.34815737860381524,61,Нижегородская область,4,625.829,1.0,3.0,6.0,POINT (44.042485 56.296299)
362,250,8xLLfRSF,43.88397,56.33959,-0.7803583479591522,61,Нижегородская область,4,651.444,5.0,0.0,5.0,POINT (43.88397 56.33959)
363,253,I24gbq5p,43.947623,56.320338,0.17048378462258906,61,Нижегородская область,4,1672.3529999999998,2.0,2.0,3.0,POINT (43.947623 56.320338)
364,257,HuP6vu8Y,43.877078000000004,56.261653,0.602684753977926,61,Нижегородская область,3,804.2530000000002,9.0,0.0,1.0,POINT (43.877078 56.261653)
365,269,9smvi5GH,43.990534999999994,56.314677,-0.650698057152551,61,Нижегородская область,9,131.357,7.0,8.0,5.0,POINT (43.99053499999999 56.314677)
366,274,b0sYQyFL,44.072992,56.2903,-0.17527699086168047,61,Нижегородская область,4,267.21399999999994,6.0,3.0,1.0,POINT (44.072992 56.2903)
367,278,vWhC4eBL,43.853857,56.222055000000005,-0.6939181540880848,61,Нижегородская область,5,215.559,8.0,0.0,2.0,POINT (43.853857 56.222055)
368,288,xNX8I5kF,43.868347,56.350322999999996,1.5103067896241336,61,Нижегородская область,7,211.236,38.0,1.0,6.0,POINT (43.868347 56.350323)
369,291,FU4c6TNZ,43.851009000000005,56.250287,-0.7803583479591522,61,Нижегородская область,5,295.431,9.0,3.0,2.0,POINT (43.851009 56.250287)
370,339,7NWLRjS9,43.856974,56.259358,-0.08883679699061309,61,Нижегородская область,8,331.24899999999997,5.0,0.0,1.0,POINT (43.856974 56.259358)
371,360,fmo3uo10,43.864996000000005,56.243008999999994,-0.30493728166828155,61,Нижегородская область,10,4169.225999999999,1.0,3.0,2.0,POINT (43.864996 56.24300899999999)
372,23,SJOpfpK9,82.87236800000001,54.981574,0.21370388155812275,18,Новосибирская область,5,1728.0770000000002,5.0,0.0,1.0,POINT (82.87236800000001 54.981574)
373,26,0BYKB88d,82.890947,54.984035999999996,-0.39137747553934893,18,Новосибирская область,10,1512.312,4.0,2.0,10.0,POINT (82.890947 54.984036)
374,50,p31ln7Rd,82.961589,55.039081,0.08404359075152168,18,Новосибирская область,3,282.04799999999994,14.0,0.0,8.0,POINT (82.961589 55.039081)
375,100,bW2iNSMp,82.934565,55.105543999999995,0.3865842693002575,18,Новосибирская область,2,317.086,15.0,1.0,3.0,POINT (82.93456500000001 55.10554399999999)
376,122,n7SOrDDm,82.92201700000001,55.04399300000001,0.21370388155812275,18,Новосибирская область,4,206.28000000000003,4.0,7.0,12.0,POINT (82.92201700000001 55.04399300000001)
377,136,xN7TAdHL,82.93639399999999,55.066218000000006,-0.650698057152551,18,Новосибирская область,3,421.243,12.0,0.0,2.0,POINT (82.93639399999999 55.06621800000001)
378,138,VVoIWaCa,82.90992800000001,54.936865000000004,-0.9964588326368206,18,Новосибирская область,4,,,0.0,1.0,POINT (82.90992800000001 54.936865)
379,141,sZIU9J2S,82.896969,54.980785,-0.8235784448946858,18,Новосибирская область,10,,,2.0,9.0,POINT (82.896969 54.980785)
380,147,oVyZAtf8,82.853025,54.96611600000001,-0.32654733013604836,18,Новосибирская область,2,200.367,5.0,0.0,1.0,POINT (82.853025 54.96611600000001)
381,151,cmCo8uJn,82.897109,54.983219999999996,-0.650698057152551,18,Новосибирская область,8,100.994,6.0,2.0,9.0,POINT (82.897109 54.98322)
382,166,jEMylCQY,82.961076,55.104068999999996,-0.4345975724748826,18,Новосибирская область,2,,,0.0,1.0,POINT (82.96107600000001 55.104069)
383,192,zynEGrYK,82.914099,55.059654,1.294206304946465,18,Новосибирская область,7,,,8.0,12.0,POINT (82.91409899999999 55.059654)
384,193,padKVxZ1,82.905185,54.989033,1.164546014139864,18,Новосибирская область,5,834.0020000000001,6.0,2.0,11.0,POINT (82.905185 54.989033)
385,206,hhQwsdq2,82.952805,55.013374,1.164546014139864,18,Новосибирская область,2,1207.5589999999997,2.0,7.0,4.0,POINT (82.952805 55.013374)
386,261,DkEbcUGo,82.896401,55.035830000000004,0.5162445601068586,18,Новосибирская область,3,2299.056,1.0,0.0,3.0,POINT (82.896401 55.03583)
387,272,ydC9L7Y0,83.09449599999999,54.840236,-1.1693392203789554,18,Новосибирская область,2,148.815,8.0,3.0,1.0,POINT (83.09449599999999 54.840236)
388,273,H8hoDXdE,83.002607,55.035543000000004,1.4886967411563665,18,Новосибирская область,6,1119.638,7.0,0.0,2.0,POINT (83.002607 55.035543)
389,297,t7pBweOS,82.912079,55.055884999999996,-0.6939181540880848,18,Новосибирская область,4,1728.0770000000002,5.0,9.0,14.0,POINT (82.91207900000001 55.055885)
390,325,eLaYE4WM,82.890962,54.983999999999995,0.21370388155812275,18,Новосибирская область,10,365.148,38.0,2.0,10.0,POINT (82.890962 54.98399999999999)
391,328,zq24zBHA,82.899443,55.03455400000001,0.12726368768705537,18,Новосибирская область,3,300.023,7.0,0.0,5.0,POINT (82.89944300000001 55.03455400000001)
392,343,HQWajdou,82.925985,55.014685,-0.26171718473274785,18,Новосибирская область,4,1504.714,4.0,0.0,6.0,POINT (82.925985 55.014685)
393,361,6zswhGTw,83.11036899999999,54.966570999999995,-0.7803583479591522,18,Новосибирская область,1,2468.9949999999994,2.0,0.0,1.0,POINT (83.11036899999999 54.96657099999999)
394,373,bXtjCW9X,82.96786,55.052327000000005,-0.39137747553934893,18,Новосибирская область,3,51.7,15.0,0.0,3.0,POINT (82.96786 55.05232700000001)
395,376,zYEPdy6c,82.97831,55.037668000000004,-0.26171718473274785,18,Новосибирская область,4,,,0.0,4.0,POINT (82.97830999999999 55.037668)
396,395,gy5R6Tzq,83.019867,55.00283,0.34336417236472383,18,Новосибирская область,3,2576.455000000001,4.0,2.0,1.0,POINT (83.019867 55.00283)
397,418,PJ5m7cqh,82.976488,55.056951,1.985727855915004,18,Новосибирская область,5,577.6110000000002,44.0,0.0,1.0,POINT (82.976488 55.056951)
398,44,FS7Ufln2,50.21569,53.239158999999994,0.3865842693002575,30,Самарская область,0,2306.593,3.0,2.0,6.0,POINT (50.21569 53.23915899999999)
399,62,Mk1D78ip,50.126073999999996,53.187828,-1.1693392203789554,30,Самарская область,2,664.39,19.0,0.0,1.0,POINT (50.126074 53.187828)
400,67,3uG2b8Ye,50.263857,53.218848,2.6340293099480094,30,Самарская область,3,330.015,6.0,1.0,5.0,POINT (50.263857 53.218848)
401,81,P2LhIYVH,50.123711,53.192857,0.9916656263977291,30,Самарская область,7,199.88199999999998,27.0,0.0,1.0,POINT (50.123711 53.192857)
402,103,Ccqm3lC6,50.262682,53.220259,3.10945037623888,30,Самарская область,3,,,1.0,4.0,POINT (50.262682 53.220259)
403,118,myPybSTm,50.181802000000005,53.212513,-0.34815737860381524,30,Самарская область,5,2584.827,3.0,1.0,3.0,POINT (50.181802 53.212513)
404,134,bBxa5jY2,50.148747,53.217110999999996,-0.4778176694104163,30,Самарская область,2,,,0.0,2.0,POINT (50.148747 53.217111)
405,139,sMvuaVtL,50.22169,53.24867,0.9484455294621955,30,Самарская область,5,226.624,15.0,4.0,6.0,POINT (50.22169 53.24867)
406,158,tkDyf0LP,50.173675,53.14038000000001,1.5967469834952008,30,Самарская область,2,505.31899999999996,48.0,0.0,3.0,POINT (50.173675 53.14038000000001)
407,169,LwZsJ4Cy,50.190391,53.191807999999995,0.9052254325266618,30,Самарская область,4,0.0,8.0,0.0,5.0,POINT (50.190391 53.19180799999999)
408,178,yQpPc4NY,50.305359,53.325718,0.34336417236472383,30,Самарская область,5,793.652,19.0,0.0,4.0,POINT (50.305359 53.325718)
409,197,aooa1N95,50.238669,53.251546999999995,0.04082349381598799,30,Самарская область,0,156.119,8.0,3.0,2.0,POINT (50.238669 53.251547)
410,204,XRbToMaK,50.270990000000005,53.275606999999994,0.9484455294621955,30,Самарская область,4,303.42999999999995,7.0,0.0,2.0,POINT (50.27099 53.27560699999999)
411,212,b3PCdEll,50.2764,53.233532,2.5043690191414085,30,Самарская область,2,438.27,26.0,0.0,0.0,POINT (50.2764 53.233532)
412,214,CEBFrSa4,50.0882,53.1224,5.702656192370902,30,Самарская область,2,1093.093,8.0,0.0,0.0,POINT (50.0882 53.1224)
413,243,H1tR9t1s,50.2633,53.22044399999999,0.12726368768705537,30,Самарская область,3,2105.3370000000004,2.0,1.0,4.0,POINT (50.2633 53.22044399999999)
414,282,xyfgfTqy,50.218369,53.346633999999995,1.683187177366268,30,Самарская область,4,287.459,6.0,0.0,1.0,POINT (50.218369 53.34663399999999)
415,286,KqXLlOgG,50.286374,53.299319999999994,0.08404359075152168,30,Самарская область,6,1373.3549999999998,6.0,0.0,1.0,POINT (50.286374 53.29931999999999)
416,300,WriLsZWE,50.191899,53.191447,0.8187852386555944,30,Самарская область,3,262.697,4.0,0.0,5.0,POINT (50.191899 53.191447)
417,316,nfG8rj1F,50.140492,53.20338100000001,0.7755651417200607,30,Самарская область,4,137.719,5.0,3.0,2.0,POINT (50.140492 53.20338100000001)
418,334,7KGXXWOd,50.248917999999996,53.24535600000001,0.25692397849365645,30,Самарская область,2,1975.5389999999995,4.0,0.0,0.0,POINT (50.248918 53.24535600000001)
419,372,f2EweR1h,50.188938,53.19136999999999,0.3865842693002575,30,Самарская область,3,303.879,27.0,0.0,5.0,POINT (50.188938 53.19136999999999)
420,384,mZTEZ4bf,50.158969,53.197251,-0.26171718473274785,30,Самарская область,3,159.85799999999998,46.0,1.0,6.0,POINT (50.158969 53.197251)
421,387,2SKYY79M,50.246331,53.212182999999996,3.2391106670454812,30,Самарская область,5,147.647,26.0,1.0,4.0,POINT (50.246331 53.212183)
422,389,ZfB8GmX1,50.188602,53.191244,0.17048378462258906,30,Самарская область,3,192.93299999999996,35.0,0.0,5.0,POINT (50.188602 53.191244)
423,404,fI0HvX5p,50.225666,53.25928100000001,0.30014407542919014,30,Самарская область,3,838.0169999999999,6.0,0.0,3.0,POINT (50.225666 53.25928100000001)
424,416,6B6HHnCd,50.121798,53.187213,0.04082349381598799,30,Самарская область,5,216.135,19.0,0.0,1.0,POINT (50.121798 53.187213)
